name,address,datetime,temp,feelslike,humidity,windspeed,solarradiation,stations
SAN LEANDRO,"3051 Teagarden SAN LEANDRO,CA 94577",2022-01-30,49.3,48.6,78.94,10.7,305.9,"72585093228,72493023230,KHWD,E4718,KOAK,72494023234"
SAN LEANDRO,"3051 Teagarden SAN LEANDRO,CA 94577",2022-01-31,50,49.7,84.96,6.7,218.1,"72493023230,KHWD,E4718,KOAK"
SAN LEANDRO,"3051 Teagarden SAN LEANDRO,CA 94577",2022-02-01,52.1,51.3,44.36,16.4,279.5,"72493023230,D3560,KHWD,OKSC1,E4718,KOAK"
SAN LEANDRO,"3051 Teagarden SAN LEANDRO,CA 94577",2022-02-02,55.7,55.5,27.08,24.6,279.2,"KSFO,72493023230,D3560,KHWD,OKSC1,E4718,KOAK"
SAN LEANDRO,"3051 Teagarden SAN LEANDRO,CA 94577",2022-02-03,50,49.4,57.04,5.8,299.3,"KSFO,KHWD,D9358,E4718,KOAK"
SAN LEANDRO,"3051 Teagarden SAN LEANDRO,CA 94577",2022-02-04,50.7,50.3,62.92,8.6,293.7,"KSFO,KHWD,D9358,E4718,KOAK"
SAN LEANDRO,"3051 Teagarden SAN LEANDRO,CA 94577",2022-02-05,50.5,50.1,64.06,6,233.9,"KSFO,KHWD,D9358,OKSC1,E4718,KOAK"
SAN LEANDRO,"3051 Teagarden SAN LEANDRO,CA 94577",2022-02-06,51,50.6,66.9,8.7,287.4,"KSFO,KHWD,D9358,OKSC1,E4718,KOAK"
MIDDLE RIVER,"9601 Pulaski Park Drive Suite 410 412 MIDDLE RIVER,MD 21220",2022-01-30,24.6,18.7,47.41,13.6,277.8,"E1021,72405713701,99999913752,72406093721,KBWI,AU538,KAPG,KMTN"
MIDDLE RIVER,"9601 Pulaski Park Drive Suite 410 412 MIDDLE RIVER,MD 21220",2022-01-31,27.8,25.4,59.21,9.1,242.5,"E1021,E1762,72405713701,KBWI,KAPG,KMTN"
MIDDLE RIVER,"9601 Pulaski Park Drive Suite 410 412 MIDDLE RIVER,MD 21220",2022-02-01,29.5,27.8,74.36,8.8,327.3,"E1021,C1620,72405713701,72406093721,KBWI,KAPG,KMTN"
MIDDLE RIVER,"9601 Pulaski Park Drive Suite 410 412 MIDDLE RIVER,MD 21220",2022-02-02,33.4,32.7,83.49,4.8,298.1,"E1021,72405713701,72406093721,KBWI,AU538,KAPG,KMTN"
MIDDLE RIVER,"9601 Pulaski Park Drive Suite 410 412 MIDDLE RIVER,MD 21220",2022-02-03,41,40.3,95.82,14.9,52.9,"E1021,C1620,KBWI,KAPG,KMTN"
MIDDLE RIVER,"9601 Pulaski Park Drive Suite 410 412 MIDDLE RIVER,MD 21220",2022-02-04,42.7,38.7,91.39,15.9,35.9,"E1021,KBWI,AU538,KAPG,KMTN"
MIDDLE RIVER,"9601 Pulaski Park Drive Suite 410 412 MIDDLE RIVER,MD 21220",2022-02-05,30.6,22.3,55.61,22.8,367.9,"E1021,KBWI,AU538,KAPG,KMTN"
MIDDLE RIVER,"9601 Pulaski Park Drive Suite 410 412 MIDDLE RIVER,MD 21220",2022-02-06,27.9,26.4,59.62,6.9,365.9,"E1021,E1762,KBWI,KAPG,KMTN"
GREENSBORO,"3408 J West Wendover Avenue GREENSBORO,NC 27407",2022-01-30,26.6,21.1,45.81,11.4,150.4,"72317013723,72317493783,KINT,72319393807,KGSO,0783W,LXFN7"
GREENSBORO,"3408 J West Wendover Avenue GREENSBORO,NC 27407",2022-01-31,33.8,29.3,47.33,8.1,266.4,"72317013723,KINT,KGSO,0783W,LXFN7"
GREENSBORO,"3408 J West Wendover Avenue GREENSBORO,NC 27407",2022-02-01,36.2,31.9,60.92,9.1,297.8,"72317013723,KINT,KGSO,0783W,LXFN7"
GREENSBORO,"3408 J West Wendover Avenue GREENSBORO,NC 27407",2022-02-02,40.1,39,60.28,5.6,267.8,"72317013723,KINT,KBUY,KGSO,0783W,LXFN7"
GREENSBORO,"3408 J West Wendover Avenue GREENSBORO,NC 27407",2022-02-03,46.4,45,91.7,16.2,70.3,"KINT,KBUY,KGSO,0783W,LXFN7"
GREENSBORO,"3408 J West Wendover Avenue GREENSBORO,NC 27407",2022-02-04,58.8,58.4,84.07,19.9,43.4,"KINT,KBUY,KGSO,0783W,LXFN7"
GREENSBORO,"3408 J West Wendover Avenue GREENSBORO,NC 27407",2022-02-05,34.5,28.3,47.86,12.8,324.7,"KINT,KBUY,KGSO,0783W,LXFN7"
GREENSBORO,"3408 J West Wendover Avenue GREENSBORO,NC 27407",2022-02-06,30.6,24.8,50.37,9.8,328.4,"KINT,KBUY,KGSO,0783W,LXFN7"
CHARLOTTE,"2500 Distribution Street Suite 100 CHARLOTTE,NC 28203",2022-01-30,34.5,30.4,42.15,14.7,256.4,"KAKH,72314753870,KCLT,72314013881,KJQF,E7342"
CHARLOTTE,"2500 Distribution Street Suite 100 CHARLOTTE,NC 28203",2022-01-31,41.4,39.4,51.51,8.9,245.7,"KAKH,KCLT,72314013881,KJQF,E7342"
CHARLOTTE,"2500 Distribution Street Suite 100 CHARLOTTE,NC 28203",2022-02-01,40.6,36.2,56.78,10.1,265.3,"KAKH,KCLT,72314013881,KJQF,E7342"
CHARLOTTE,"2500 Distribution Street Suite 100 CHARLOTTE,NC 28203",2022-02-02,43.4,41.2,58.56,7.6,167.1,"KAKH,KCLT,72314013881,KJQF,E7342"
CHARLOTTE,"2500 Distribution Street Suite 100 CHARLOTTE,NC 28203",2022-02-03,48.7,47,88.64,15.8,56.3,"KAKH,KCLT,KJQF,E7342"
CHARLOTTE,"2500 Distribution Street Suite 100 CHARLOTTE,NC 28203",2022-02-04,61,60.9,85.45,18.3,36.7,"KAKH,KCLT,KJQF,E7342"
CHARLOTTE,"2500 Distribution Street Suite 100 CHARLOTTE,NC 28203",2022-02-05,39.4,33.7,47.5,13.6,280.7,"KAKH,KCLT,KJQF,E7342"
CHARLOTTE,"2500 Distribution Street Suite 100 CHARLOTTE,NC 28203",2022-02-06,35.4,29.8,43.83,11.2,223.9,"KAKH,KCLT,KJQF,E7342,D7787"
NASHVILLE,"3078 Sidco Drive NASHVILLE,TN 37204",2022-01-30,41,36.6,37.01,12.5,348.6,"72327013897,0679W,KJWN,KBNA,KMQY,72327313827,F0622"
NASHVILLE,"3078 Sidco Drive NASHVILLE,TN 37204",2022-01-31,39.9,38,49.16,7.9,192.5,"72327013897,0679W,KJWN,KBNA,KMQY,F0622"
NASHVILLE,"3078 Sidco Drive NASHVILLE,TN 37204",2022-02-01,50.1,49.5,39.95,16.2,360.1,"72327013897,0679W,E9547,KJWN,KBNA,KMQY"
NASHVILLE,"3078 Sidco Drive NASHVILLE,TN 37204",2022-02-02,49.7,47.8,81.2,13.6,37.9,"72327013897,0679W,E9547,KJWN,KBNA,KMQY,AV736"
NASHVILLE,"3078 Sidco Drive NASHVILLE,TN 37204",2022-02-03,38.5,32.5,87.61,13.4,13.1,"0679W,E9547,KJWN,KBNA,KMQY,KM91,AV736"
NASHVILLE,"3078 Sidco Drive NASHVILLE,TN 37204",2022-02-04,28.5,19.8,79.43,12.5,83.2,"0679W,KJWN,KBNA,KMQY,KM91"
NASHVILLE,"3078 Sidco Drive NASHVILLE,TN 37204",2022-02-05,27.7,23.3,59.01,8.8,305,"0679W,E9547,KJWN,KBNA,KMQY,KM91"
NASHVILLE,"3078 Sidco Drive NASHVILLE,TN 37204",2022-02-06,34.9,33.4,57.47,11.1,359.1,"0679W,E9547,KJWN,KBNA,KMQY,KM91"
MISHAWAKA,"1020 East McKinley Avenue Suite 109 MISHAWAKA,IN 46545",2022-01-30,22.1,16.4,63.65,11.1,219.3,"C2578,C1697,KGSH,72438814829,MICAS,KSBN,KPPO,72535014848"
MISHAWAKA,"1020 East McKinley Avenue Suite 109 MISHAWAKA,IN 46545",2022-01-31,27.8,20.7,65.08,16.9,136.6,"C2578,KGSH,MICAS,KSBN,F7059,AS664,72535014848"
MISHAWAKA,"1020 East McKinley Avenue Suite 109 MISHAWAKA,IN 46545",2022-02-01,37.9,30.5,68.57,19.3,116.9,"C2578,KGSH,MICAS,KSBN,AS664,72535014848"
MISHAWAKA,"1020 East McKinley Avenue Suite 109 MISHAWAKA,IN 46545",2022-02-02,27.6,16.5,86.07,19.1,13.3,"C2578,KGSH,MICAS,KSBN,KPPO,F7059,72535014848"
MISHAWAKA,"1020 East McKinley Avenue Suite 109 MISHAWAKA,IN 46545",2022-02-03,18.9,5.6,71.23,16.2,25.1,"C2578,KGSH,MICAS,KSBN,KPPO"
MISHAWAKA,"1020 East McKinley Avenue Suite 109 MISHAWAKA,IN 46545",2022-02-04,14,4.4,68.51,10.9,181.8,"C2578,KGSH,MICAS,KSBN,KPPO,F7059"
MISHAWAKA,"1020 East McKinley Avenue Suite 109 MISHAWAKA,IN 46545",2022-02-05,16.2,4.1,73.74,14.4,217.5,"C2578,KGSH,KSBN,KPPO,F7059,MIBRS"
MISHAWAKA,"1020 East McKinley Avenue Suite 109 MISHAWAKA,IN 46545",2022-02-06,23.6,11.8,64.34,17.5,245.2,"C2578,KGSH,KSBN,KPPO,MIBRS"
URBANDALE,"12056 Meredith Drive URBANDALE,IA 50323",2022-01-30,18.7,10.3,72.54,16,96.2,"KDSM,72546014933,AMMI4,KIKV,72041254943,72547294989,C0005"
URBANDALE,"12056 Meredith Drive URBANDALE,IA 50323",2022-01-31,30.3,21.9,68.23,12.8,117.5,"KDSM,AMMI4,72546014933,KIKV,C0005"
URBANDALE,"12056 Meredith Drive URBANDALE,IA 50323",2022-02-01,30,20.3,65.16,21,75.6,"KDSM,72546014933,AMMI4,KIKV,C0005"
URBANDALE,"12056 Meredith Drive URBANDALE,IA 50323",2022-02-02,7.7,-10,65.33,20.5,83.9,"KDSM,KAMW,AMMI4,72546014933,KIKV,72041254943,BOOI4,C0005"
URBANDALE,"12056 Meredith Drive URBANDALE,IA 50323",2022-02-03,2.8,-12.2,61.23,14.6,102,"KDSM,KAMW,AMMI4,KIKV,C0005"
URBANDALE,"12056 Meredith Drive URBANDALE,IA 50323",2022-02-04,7.9,-3.1,66.2,20.5,99.7,"KDSM,KAMW,AMMI4,KIKV,BOOI4,C0005"
URBANDALE,"12056 Meredith Drive URBANDALE,IA 50323",2022-02-05,21,10.8,58.42,20.6,118.9,"KDSM,KAMW,AMMI4,KIKV,BOOI4,C0005"
URBANDALE,"12056 Meredith Drive URBANDALE,IA 50323",2022-02-06,27.8,18.5,70.75,20.5,65.9,"KDSM,KAMW,AMMI4,KIKV,C0005"
WEST PALM BEACH,"4281 Westroads Drive WEST PALM BEACH,FL 33407",2022-01-30,48.5,44.9,47.05,15,386.6,"72203012844,72204992805,C8019,D7488,72203912885,KPBI"
WEST PALM BEACH,"4281 Westroads Drive WEST PALM BEACH,FL 33407",2022-01-31,55.1,54.2,56.8,9.2,399.8,"72203012844,72204992805,C8019,D7488,KPBI"
WEST PALM BEACH,"4281 Westroads Drive WEST PALM BEACH,FL 33407",2022-02-01,67.1,67.2,48.73,18.3,321.9,"72203012844,72204992805,D7488,KPBI"
WEST PALM BEACH,"4281 Westroads Drive WEST PALM BEACH,FL 33407",2022-02-02,72.3,72.3,59.43,21.6,297.3,"72203012844,72204992805,C8019,D7488,KPMP,KFXE,KPBI"
WEST PALM BEACH,"4281 Westroads Drive WEST PALM BEACH,FL 33407",2022-02-03,74.3,74.4,68.98,19.6,298.3,"C8019,D7488,KPMP,KFXE,KPBI"
WEST PALM BEACH,"4281 Westroads Drive WEST PALM BEACH,FL 33407",2022-02-04,75.2,75.5,72.01,16.9,320.1,"D7488,KPMP,KFXE,KPBI"
WEST PALM BEACH,"4281 Westroads Drive WEST PALM BEACH,FL 33407",2022-02-05,71.6,71.7,83.77,13.8,294.3,"D7488,KPMP,KFXE,KPBI"
WEST PALM BEACH,"4281 Westroads Drive WEST PALM BEACH,FL 33407",2022-02-06,72.7,72.9,76.23,10.2,233.9,"D7488,KPMP,KFXE,KPBI"
LANGHORNE,"866 Town Center Drive LANGHORNE,PA 19047",2022-01-30,16.2,7,50.57,15.4,156.5,"KTTN,72409514792,E7502,72408594732,D7364,72511354786,E4814,KPNE"
LANGHORNE,"866 Town Center Drive LANGHORNE,PA 19047",2022-01-31,21.1,16.7,59.96,6.3,146.3,"KTTN,72409514792,D7364,E4814,KPNE,D5416"
LANGHORNE,"866 Town Center Drive LANGHORNE,PA 19047",2022-02-01,26.2,18.9,64.35,10.5,157.1,"KTTN,72409514792,D7364,E4814,E1527,KPNE"
LANGHORNE,"866 Town Center Drive LANGHORNE,PA 19047",2022-02-02,33.6,31.6,89.21,5.4,125.2,"KTTN,E8427,72409514792,F5257,D7364,KPNE,KDYL"
LANGHORNE,"866 Town Center Drive LANGHORNE,PA 19047",2022-02-03,41.6,41.3,97.78,8.6,53,"KTTN,D7364,KPNE,KDYL"
LANGHORNE,"866 Town Center Drive LANGHORNE,PA 19047",2022-02-04,42.8,38.6,92.6,15.4,29.2,"KTTN,D7364,KPNE,KDYL"
LANGHORNE,"866 Town Center Drive LANGHORNE,PA 19047",2022-02-05,24.4,13.7,63.29,19.4,156.1,"KTTN,D7364,E4814,KPNE,KDYL"
LANGHORNE,"866 Town Center Drive LANGHORNE,PA 19047",2022-02-06,23.8,19.2,61.39,9.4,193.4,"KTTN,D7364,E4814,KPNE,KDYL"
LACEY,"4315 Lacey Boulevard LACEY,WA 98503",2022-01-30,44,40.2,75.64,20.1,35.1,"72792024227,KGRF,KOLM,F8782,74207124201,C5218"
LACEY,"4315 Lacey Boulevard LACEY,WA 98503",2022-01-31,41,35.6,77.63,13.9,62.2,"72792024227,KOLM,F3822,74207124201,C5218"
LACEY,"4315 Lacey Boulevard LACEY,WA 98503",2022-02-01,37.2,35,83.13,10,79.5,"72792024227,KOLM,74207124201,D0126,C5218"
LACEY,"4315 Lacey Boulevard LACEY,WA 98503",2022-02-02,35.3,33,95.2,9.3,46.2,"72792024227,KTCM,KGRF,KOLM,C5218"
LACEY,"4315 Lacey Boulevard LACEY,WA 98503",2022-02-03,44.3,40.5,91.07,10.5,82.9,"KTCM,KGRF,KOLM,D0126,C5218"
LACEY,"4315 Lacey Boulevard LACEY,WA 98503",2022-02-04,42.5,38.3,89.43,22.4,60.2,"KTCM,KGRF,KOLM,F6433,F8782,C5218"
LACEY,"4315 Lacey Boulevard LACEY,WA 98503",2022-02-05,41.6,40.3,89.53,10.1,76.9,"KTCM,KGRF,KOLM,D0126,C5218"
LACEY,"4315 Lacey Boulevard LACEY,WA 98503",2022-02-06,36.4,35.9,97.01,5.2,75.4,"KTCM,KGRF,KOLM,F8782,C5218"
CHESAPEAKE,"1738 Lambert Court CHESAPEAKE,VA 23320",2022-01-30,26.9,22.4,50.24,9.5,195.6,"KNFE,KNGU,F8461,KORF,72308013737,72517213762,C3810"
CHESAPEAKE,"1738 Lambert Court CHESAPEAKE,VA 23320",2022-01-31,34.9,32.3,74.77,10.4,124.4,"KNFE,F8461,KORF,72517213762,C3810"
CHESAPEAKE,"1738 Lambert Court CHESAPEAKE,VA 23320",2022-02-01,38.2,33.2,79.56,12.8,164.8,"KNFE,F8461,KORF,72517213762,C3810"
CHESAPEAKE,"1738 Lambert Court CHESAPEAKE,VA 23320",2022-02-02,39.5,36.9,92.41,6.7,147.4,"KNFE,KNGU,F8461,KORF,72308013737,72517213762,C3810"
CHESAPEAKE,"1738 Lambert Court CHESAPEAKE,VA 23320",2022-02-03,54.5,54.5,75.35,15.9,114.1,"KNFE,KNGU,F8461,KORF,C3810"
CHESAPEAKE,"1738 Lambert Court CHESAPEAKE,VA 23320",2022-02-04,61.8,60.3,76.94,19.7,75,"KNFE,KNGU,F8461,KORF,C3810"
CHESAPEAKE,"1738 Lambert Court CHESAPEAKE,VA 23320",2022-02-05,36.5,28.4,58.22,16,168.1,"KNFE,KNGU,D5377,F8461,KORF,C3810"
CHESAPEAKE,"1738 Lambert Court CHESAPEAKE,VA 23320",2022-02-06,34.2,26.2,68.14,13,84.9,"KNFE,KNGU,F8461,KORF,C3810"
COLUMBUS,"5225 Trabue Road COLUMBUS,OH 43228",2022-01-30,21.6,15.1,63.73,8.9,132.5,"KCMH,KTZR,KUYF,KOSU,72428804804,AV747,MOLO1,72428014821"
COLUMBUS,"5225 Trabue Road COLUMBUS,OH 43228",2022-01-31,24.7,22.7,64.64,5.1,137.4,"KCMH,KTZR,KOSU,72428804804,AV747,MOLO1"
COLUMBUS,"5225 Trabue Road COLUMBUS,OH 43228",2022-02-01,37.5,33.2,57.86,14.4,117.3,"KCMH,KTZR,KOSU,72428804804,AV747,MOLO1"
COLUMBUS,"5225 Trabue Road COLUMBUS,OH 43228",2022-02-02,39.8,35.3,79.47,11.8,27.1,"KCMH,KTZR,KUYF,F8882,KOSU,72428804804,AV747"
COLUMBUS,"5225 Trabue Road COLUMBUS,OH 43228",2022-02-03,28.4,16.7,90.32,18.3,30.7,"KCMH,KTZR,KUYF,KOSU,AV747"
COLUMBUS,"5225 Trabue Road COLUMBUS,OH 43228",2022-02-04,19.2,8,81.82,15.8,119.8,"KCMH,KTZR,KUYF,KOSU,AV747"
COLUMBUS,"5225 Trabue Road COLUMBUS,OH 43228",2022-02-05,15.8,8.7,79.83,8.5,133.3,"KCMH,KTZR,KUYF,KOSU,AV747,MOLO1"
COLUMBUS,"5225 Trabue Road COLUMBUS,OH 43228",2022-02-06,22.1,16.8,79.99,8.9,116.2,"KCMH,KTZR,KUYF,KOSU,AV747"
BOTHELL,"21312 30th Dr SE Suite B107 Highlands Campus Tech Centre B BOTHELL,WA 98021",2022-01-30,43,37.2,80.05,17.6,31.9,"KPAE,72793524234,72793494248,72793724222,F8270"
BOTHELL,"21312 30th Dr SE Suite B107 Highlands Campus Tech Centre B BOTHELL,WA 98021",2022-01-31,38.6,34.4,88.45,11,57.3,"KBFI,KPAE,72793524234,72793724222,F8270"
BOTHELL,"21312 30th Dr SE Suite B107 Highlands Campus Tech Centre B BOTHELL,WA 98021",2022-02-01,37.2,34,91.83,7.9,67.2,"KPAE,72793524234,D2690,72793724222,F8270"
BOTHELL,"21312 30th Dr SE Suite B107 Highlands Campus Tech Centre B BOTHELL,WA 98021",2022-02-02,35.5,32.1,93.77,9.4,47.4,"KBFI,KPAE,72793524234,72793724222,F8270,KRNT"
BOTHELL,"21312 30th Dr SE Suite B107 Highlands Campus Tech Centre B BOTHELL,WA 98021",2022-02-03,42.8,39,96.62,10.5,22.6,"KBFI,KPAE,F8270,KRNT"
BOTHELL,"21312 30th Dr SE Suite B107 Highlands Campus Tech Centre B BOTHELL,WA 98021",2022-02-04,44,38.3,91.34,25.4,47.6,"F4154,KBFI,KPAE,F8270,KRNT"
BOTHELL,"21312 30th Dr SE Suite B107 Highlands Campus Tech Centre B BOTHELL,WA 98021",2022-02-05,43.2,41.7,95.35,6.3,49.3,"F2178,F8372,KBFI,KPAE,F8270,KRNT"
BOTHELL,"21312 30th Dr SE Suite B107 Highlands Campus Tech Centre B BOTHELL,WA 98021",2022-02-06,41.6,40.3,91.09,11.9,110.1,"D3422,KBFI,KPAE,F8270,KRNT"
HARTFORD,"244 Murphy Road HARTFORD,CT 6114",2022-01-30,15.4,6.4,36.17,13.9,238.8,"KHFD,E6187,72508714752,KBDL,72508014740,72502754788"
HARTFORD,"244 Murphy Road HARTFORD,CT 6114",2022-01-31,15,14.5,61.54,3.4,227.6,"KHFD,E6187,72508714752,KBDL"
HARTFORD,"244 Murphy Road HARTFORD,CT 6114",2022-02-01,21.3,19.1,65.82,8.1,162,"KHFD,E6187,72508714752,KBDL"
HARTFORD,"244 Murphy Road HARTFORD,CT 6114",2022-02-02,36.9,35.9,74.45,4.7,160.2,"KMMK,KHFD,E6187,72508714752,KBDL"
HARTFORD,"244 Murphy Road HARTFORD,CT 6114",2022-02-03,41.7,39.8,93.45,5.8,74.3,"KMMK,KHFD,E6187,KBDL"
HARTFORD,"244 Murphy Road HARTFORD,CT 6114",2022-02-04,35.7,29.3,88.63,13.9,33.9,"F8789,KMMK,KHFD,E6187,KBDL"
HARTFORD,"244 Murphy Road HARTFORD,CT 6114",2022-02-05,22.7,11.3,55.33,19.7,234,"KMMK,KHFD,E6187,KBDL,F7628"
HARTFORD,"244 Murphy Road HARTFORD,CT 6114",2022-02-06,20.4,13.7,50.67,9.2,238.3,"KMMK,D8353,KHFD,E6187,KBDL"
MAUMEE,"428 W Dussel MAUMEE,OH 43537",2022-01-30,20.9,17.3,69.54,7.3,72.9,"72428704848,72536094830,AU937,MIDRF,KTOL,KTDZ,E7150,72541854823"
MAUMEE,"428 W Dussel MAUMEE,OH 43537",2022-01-31,20.1,17.3,72.46,6.5,225.7,"72536094830,AU937,KTOL,KTDZ,E7150"
MAUMEE,"428 W Dussel MAUMEE,OH 43537",2022-02-01,36.3,31.1,60.73,14.9,196.5,"72536094830,AU937,KTOL,KTDZ,E7150"
MAUMEE,"428 W Dussel MAUMEE,OH 43537",2022-02-02,35.7,30,85.58,15.6,22.2,"72536094830,AU937,KTOL,KTTF,KTDZ,E7150"
MAUMEE,"428 W Dussel MAUMEE,OH 43537",2022-02-03,22.5,9.7,79.16,19.1,27.9,"AU937,MIDRF,KTOL,KTTF,KTDZ,E7150"
MAUMEE,"428 W Dussel MAUMEE,OH 43537",2022-02-04,16.1,5.2,70.26,13.8,100.4,"AU937,MIDRF,KTOL,KTTF,KTDZ,E7150"
MAUMEE,"428 W Dussel MAUMEE,OH 43537",2022-02-05,14.4,8.3,76.28,9.4,114.7,"AU937,MIDRF,KTOL,KTTF,KTDZ,E7150"
MAUMEE,"428 W Dussel MAUMEE,OH 43537",2022-02-06,22.6,12.4,65.1,15.2,275.4,"AU937,KTOL,KTTF,KTDZ,E7150"
READING,"400 Spring Ridge Drive READING,PA 19610",2022-01-30,18.3,9.6,47,15,67.6,"72510954782,72510314712,D9872,F8610,KRDG,72511654737,PMN12"
READING,"400 Spring Ridge Drive READING,PA 19610",2022-01-31,23.2,19.8,60.31,5.8,61,"DE044,72510314712,F8610,KRDG,72511654737,PMN12"
READING,"400 Spring Ridge Drive READING,PA 19610",2022-02-01,26.9,24.2,66.08,6.9,68.3,"DE044,72510314712,F8610,KRDG,72511654737,PMN12"
READING,"400 Spring Ridge Drive READING,PA 19610",2022-02-02,34.4,32,79.95,8,53.2,"DE044,TT136,KLNS,72510314712,KRDG,72511654737,PMN12,KPTW"
READING,"400 Spring Ridge Drive READING,PA 19610",2022-02-03,43.8,42.8,96.06,16.1,7.1,"DE044,TT136,KLNS,F8610,KRDG,PMN12,KPTW"
READING,"400 Spring Ridge Drive READING,PA 19610",2022-02-04,39.5,33.7,87.64,19.6,8.6,"DE044,TT136,KLNS,F8610,KRDG,PMN12,KPTW"
READING,"400 Spring Ridge Drive READING,PA 19610",2022-02-05,24.4,14.6,61.89,20.8,188.9,"DE044,KLNS,F8610,KRDG,PMN12,KPTW"
READING,"400 Spring Ridge Drive READING,PA 19610",2022-02-06,24.4,20.4,56.52,12.7,77.9,"KLNS,F8610,KRDG,PMN12,C4113,KPTW"
WYOMING,"1575 Gezon Parkway SW Suite A WYOMING,MI 49509",2022-01-30,20.6,15.5,74.78,6.8,93.6,"72635094860,A0735900240,72539404839,AV649,MIHVL,MISTN,C1502,KGRR"
WYOMING,"1575 Gezon Parkway SW Suite A WYOMING,MI 49509",2022-01-31,25.5,19.7,74.08,11.6,79.2,"72635094860,KBIV,72539404839,MIHVL,AV649,MISTN,C1502,KGRR"
WYOMING,"1575 Gezon Parkway SW Suite A WYOMING,MI 49509",2022-02-01,35.3,26.9,74.57,21.6,93.3,"72635094860,72539404839,AV649,MIHVL,C1502,KGRR"
WYOMING,"1575 Gezon Parkway SW Suite A WYOMING,MI 49509",2022-02-02,26.5,17.6,86.5,13.5,27.3,"72635094860,KY70,KBIV,72539404839,MIHVL,AV649,MISTN,C1502,KGRR"
WYOMING,"1575 Gezon Parkway SW Suite A WYOMING,MI 49509",2022-02-03,18,5.3,67.53,16,94,"KY70,KBIV,AV649,MIHVL,MISTN,C1502,KGRR"
WYOMING,"1575 Gezon Parkway SW Suite A WYOMING,MI 49509",2022-02-04,11,3.6,69.22,10.5,127.8,"KY70,KBIV,MIHVL,AV649,C1502,KGRR"
WYOMING,"1575 Gezon Parkway SW Suite A WYOMING,MI 49509",2022-02-05,15,5.6,78.81,17.5,73.7,"KY70,KBIV,MIHVL,AV649,C1502,KGRR"
WYOMING,"1575 Gezon Parkway SW Suite A WYOMING,MI 49509",2022-02-06,23.6,12.6,67.71,17.8,163.3,"KY70,KBIV,AV649,C1502,KGRR"
FORT MYERS,"12020 Metro Parkway FORT MYERS,FL 33966",2022-01-30,48.1,45.7,40.17,12.7,480.9,"KFMY,72210612835,72210812894,0492W,72203412812,1212W,0369W,TS755"
FORT MYERS,"12020 Metro Parkway FORT MYERS,FL 33966",2022-01-31,53.7,52.6,40.85,9.1,429.8,"KFMY,72210612835,72210812894,0492W,0369W,TS755"
FORT MYERS,"12020 Metro Parkway FORT MYERS,FL 33966",2022-02-01,61.7,61.6,56.28,18.4,434.2,"KFMY,72210612835,72210812894,0492W,1212W,0369W,TS755"
FORT MYERS,"12020 Metro Parkway FORT MYERS,FL 33966",2022-02-02,69.7,69.6,58.45,17.1,357.2,"KPGD,KFMY,72210612835,72210812894,0529W,0492W,KRSW,1212W,0369W,TS755"
FORT MYERS,"12020 Metro Parkway FORT MYERS,FL 33966",2022-02-03,72.4,72.4,65.99,15,405.3,"KPGD,KFMY,0492W,KRSW,1212W,0369W,TS755,0433W"
FORT MYERS,"12020 Metro Parkway FORT MYERS,FL 33966",2022-02-04,73,73.5,76.34,13.8,372.5,"KPGD,KFMY,0492W,KRSW,0369W,TS755,0433W"
FORT MYERS,"12020 Metro Parkway FORT MYERS,FL 33966",2022-02-05,69.3,69.3,80.2,16,193.5,"KPGD,KFMY,0492W,KRSW,1212W,0369W,TS755"
FORT MYERS,"12020 Metro Parkway FORT MYERS,FL 33966",2022-02-06,65.4,65.4,78.34,10.2,191.1,"KPGD,KFMY,0492W,KRSW,1212W,0369W,TS755"
MAUMELLE,"10400 Maumelle Boulevard MAUMELLE,AR 72113",2022-01-30,46.1,43.9,46.11,9.3,238.2,"72340503930,72340313963,E9770,KLIT,LNKA4,72218853985"
MAUMELLE,"10400 Maumelle Boulevard MAUMELLE,AR 72113",2022-01-31,49.3,49.2,52.76,12.1,201.4,"72340503930,72340313963,E9770,KLIT,LNKA4"
MAUMELLE,"10400 Maumelle Boulevard MAUMELLE,AR 72113",2022-02-01,57.7,57.7,64.15,17.2,109.8,"72340503930,72340313963,KLRF,E9770,KLIT,LNKA4"
MAUMELLE,"10400 Maumelle Boulevard MAUMELLE,AR 72113",2022-02-02,47.3,43.4,88.75,18.3,27.4,"72340503930,72340313963,KLRF,KSRC,E9770,KLIT,LNKA4"
MAUMELLE,"10400 Maumelle Boulevard MAUMELLE,AR 72113",2022-02-03,28.7,18.7,79.14,18,30.2,"KHOT,KLRF,KSRC,E9770,KLIT,LNKA4"
MAUMELLE,"10400 Maumelle Boulevard MAUMELLE,AR 72113",2022-02-04,29.8,22.3,65.56,12.3,148.1,"KHOT,KLRF,KSRC,E9770,KLIT,LNKA4"
MAUMELLE,"10400 Maumelle Boulevard MAUMELLE,AR 72113",2022-02-05,31.8,28.1,61.79,8.9,169.5,"KHOT,KRUE,KLRF,E9770,KLIT,LNKA4"
MAUMELLE,"10400 Maumelle Boulevard MAUMELLE,AR 72113",2022-02-06,34.7,33.4,69.61,8,171,"KHOT,KLRF,KSRC,E9770,KLIT,LNKA4"
SEATTLE,"16600 West Valley Highway SEATTLE,WA 98188",2022-01-30,44.8,41.3,72.28,18.5,46.1,"AV031,72793024233,KSEA,72793524234,72793494248,KRNT"
SEATTLE,"16600 West Valley Highway SEATTLE,WA 98188",2022-01-31,41.5,37,75.68,12.2,84.1,"F5376,AV031,KSEA,72793494248,KRNT"
SEATTLE,"16600 West Valley Highway SEATTLE,WA 98188",2022-02-01,39.1,37,76.7,7.9,145.1,"AV031,KSEA,72793494248,KRNT"
SEATTLE,"16600 West Valley Highway SEATTLE,WA 98188",2022-02-02,38.2,34.8,83.34,10,60.3,"AV031,KSEA,KBFI,72793494248,KRNT"
SEATTLE,"16600 West Valley Highway SEATTLE,WA 98188",2022-02-03,44.8,41,86.1,12.1,70.6,"AV031,KSEA,KBFI,KRNT"
SEATTLE,"16600 West Valley Highway SEATTLE,WA 98188",2022-02-04,44.7,39.4,82.46,22.4,52.3,"AV031,KSEA,KBFI,KRNT"
SEATTLE,"16600 West Valley Highway SEATTLE,WA 98188",2022-02-05,43.9,41.7,85.36,8.5,80,"AV031,KSEA,KBFI,F9061,KRNT"
SEATTLE,"16600 West Valley Highway SEATTLE,WA 98188",2022-02-06,41.2,39.4,88.62,7.5,190.6,"AV031,KSEA,KBFI,KRNT"
NAPERVILLE,"2012 Corporate Lane Suite 136 NAPERVILLE,IL 60563",2022-01-30,19.4,12.5,69.74,14.5,147.3,"72530594892,E0491,KARR,74465504808,72530094846,KDPA,F8693"
NAPERVILLE,"2012 Corporate Lane Suite 136 NAPERVILLE,IL 60563",2022-01-31,24.5,17.7,70.68,16.8,184.5,"72530594892,E0491,KARR,KDPA,F8693"
NAPERVILLE,"2012 Corporate Lane Suite 136 NAPERVILLE,IL 60563",2022-02-01,35.6,27.5,70.85,19.1,95.4,"72530594892,KARR,KDPA,F8693"
NAPERVILLE,"2012 Corporate Lane Suite 136 NAPERVILLE,IL 60563",2022-02-02,19.8,6.1,71.38,19.1,63.2,"72530594892,E0491,KARR,KORD,KDPA,F8693"
NAPERVILLE,"2012 Corporate Lane Suite 136 NAPERVILLE,IL 60563",2022-02-03,17.7,3,68.67,19.4,71.2,"E0491,F0906,KARR,KORD,KJOT,KDPA,F8693"
NAPERVILLE,"2012 Corporate Lane Suite 136 NAPERVILLE,IL 60563",2022-02-04,14.2,3.2,70.6,22.8,172.3,"KARR,KORD,KJOT,KDPA,F8693"
NAPERVILLE,"2012 Corporate Lane Suite 136 NAPERVILLE,IL 60563",2022-02-05,9.8,-3.3,67.37,19.1,175.3,"F0906,KARR,KORD,KDPA,F8693"
NAPERVILLE,"2012 Corporate Lane Suite 136 NAPERVILLE,IL 60563",2022-02-06,22.9,11.5,69.59,14.3,164.3,"F0906,KARR,KORD,KDPA,F8693"
KENT,"4365 Mogadore KENT,OH 44240",2022-01-30,15.2,12.5,69.37,7.5,77.6,"72430314813,72525300380,F5810,F1425,KAKR,KPOV,72521014895"
KENT,"4365 Mogadore KENT,OH 44240",2022-01-31,18,16.9,63.26,5.4,136.6,"72430314813,F1425,KAKR,KPOV"
KENT,"4365 Mogadore KENT,OH 44240",2022-02-01,35.5,31.1,48.73,14.9,134.2,"72430314813,F1425,KAKR,KPOV"
KENT,"4365 Mogadore KENT,OH 44240",2022-02-02,40.7,35.7,63.91,11.7,43.2,"72430314813,KCAK,F5810,F1425,KAKR,KPOV"
KENT,"4365 Mogadore KENT,OH 44240",2022-02-03,27.6,17.3,80.68,18.5,15.3,"KCAK,F5810,F1425,KAKR,KPOV"
KENT,"4365 Mogadore KENT,OH 44240",2022-02-04,21.4,10.8,75.29,12.7,20.9,"KCAK,F5810,F1425,KAKR,KPOV"
KENT,"4365 Mogadore KENT,OH 44240",2022-02-05,16.6,10.5,70.38,7.5,67.4,"KCAK,F5810,F1425,KAKR,KPOV"
KENT,"4365 Mogadore KENT,OH 44240",2022-02-06,23.4,16.3,66.15,9.7,158.1,"KCAK,F1425,KAKR,KPOV"
DAYTONA BEACH,"1039 Mason Avenue DAYTONA BEACH,FL 32117",2022-01-30,43.4,40.3,39.48,10.3,332.2,"LWQF1,KDAB,0104W,KDED,74787012834,E9392"
DAYTONA BEACH,"1039 Mason Avenue DAYTONA BEACH,FL 32117",2022-01-31,51.7,50.2,59.49,10.3,303.7,"LWQF1,KDAB,0104W,KDED,74787012834"
DAYTONA BEACH,"1039 Mason Avenue DAYTONA BEACH,FL 32117",2022-02-01,55.8,55.7,68.51,10.3,276.8,"F3022,LWQF1,KDAB,0104W,KDED,74787012834"
DAYTONA BEACH,"1039 Mason Avenue DAYTONA BEACH,FL 32117",2022-02-02,62,62,73.11,18.3,290.7,"KFIN,LWQF1,KDAB,0104W,KDED,74787012834"
DAYTONA BEACH,"1039 Mason Avenue DAYTONA BEACH,FL 32117",2022-02-03,68.4,68.4,73.24,15,262.3,"KFIN,LWQF1,KSFB,KDAB,0104W,KDED,E9392"
DAYTONA BEACH,"1039 Mason Avenue DAYTONA BEACH,FL 32117",2022-02-04,72.6,72.9,74.42,13.9,306.8,"KFIN,LWQF1,KDAB,0104W,KDED,E9392"
DAYTONA BEACH,"1039 Mason Avenue DAYTONA BEACH,FL 32117",2022-02-05,58.5,58.5,82.65,17.1,65.3,"KFIN,LWQF1,KDAB,0104W,KDED,E9392"
DAYTONA BEACH,"1039 Mason Avenue DAYTONA BEACH,FL 32117",2022-02-06,58.3,58.3,92.05,12.7,109.7,"KFIN,LWQF1,KSFB,KDAB,0104W,KDED"
ANN ARBOR,"670 Airport Boulevard ANN ARBOR,MI 48108",2022-01-30,15.7,13.5,77.93,5.8,53.1,"72537094847,72537614853,MIDRF,KARB,72537494889,F8857"
ANN ARBOR,"670 Airport Boulevard ANN ARBOR,MI 48108",2022-01-31,15.5,11.5,74.79,10.3,178.8,"72537614853,MIDRF,KARB,72537494889,F8857"
ANN ARBOR,"670 Airport Boulevard ANN ARBOR,MI 48108",2022-02-01,32.2,25.9,70.74,16.1,178.5,"72537614853,KARB,72537494889,F8857"
ANN ARBOR,"670 Airport Boulevard ANN ARBOR,MI 48108",2022-02-02,32,25.8,90.42,17.2,15.5,"72537614853,KARB,KYIP,72537494889,F8857,KDTW"
ANN ARBOR,"670 Airport Boulevard ANN ARBOR,MI 48108",2022-02-03,19,5.4,76.47,18.3,23.6,"MIDRF,KARB,KYIP,F8857,KDTW"
ANN ARBOR,"670 Airport Boulevard ANN ARBOR,MI 48108",2022-02-04,12.4,2.2,72.52,13.9,57.9,"MIDRF,KARB,KYIP,F8857,KDTW"
ANN ARBOR,"670 Airport Boulevard ANN ARBOR,MI 48108",2022-02-05,13.1,7,81.91,12.7,50.9,"MIDRF,KARB,KYIP,F8857,KDTW"
ANN ARBOR,"670 Airport Boulevard ANN ARBOR,MI 48108",2022-02-06,18.3,7.4,74.31,13.9,157.5,"MIDRF,KARB,KYIP,F8857,KDTW"
BOISE,"962 South Allante Place BOISE,ID 83709",2022-01-30,21.5,14.3,68.12,15.8,228.2,"TT325,KBOI,KEUL,C9009,99999904127,KMAN,72681394195,72681024131"
BOISE,"962 South Allante Place BOISE,ID 83709",2022-01-31,29.4,23.8,60.47,15.8,221.2,"TT325,KBOI,C9009,KMAN,72681024131"
BOISE,"962 South Allante Place BOISE,ID 83709",2022-02-01,26.9,22.3,68.88,9,121.4,"TT325,KBOI,LDP,C9009,KMAN,72681024131"
BOISE,"962 South Allante Place BOISE,ID 83709",2022-02-02,27.3,23.3,63.16,12.4,212.9,"TT325,KBOI,KEUL,C9009,KMAN,72681024131"
BOISE,"962 South Allante Place BOISE,ID 83709",2022-02-03,28.6,23.9,64.73,11,160.9,"TT325,KBOI,KEUL,C9009,KMAN"
BOISE,"962 South Allante Place BOISE,ID 83709",2022-02-04,28.1,22,67.83,22.4,209.2,"TT325,KBOI,KEUL,BOII,C9009,KMAN"
BOISE,"962 South Allante Place BOISE,ID 83709",2022-02-05,27.7,25,75.04,22.4,252.3,"TT325,KBOI,KEUL,C9009,KMAN"
BOISE,"962 South Allante Place BOISE,ID 83709",2022-02-06,30.1,24.8,73.97,11.8,244.7,"TT325,KBOI,KEUL,C9009,KMAN"
COLORADO SPRINGS,"3109 North El Paso Street COLORADO SPRINGS,CO 80907",2022-01-30,32.1,25.6,35.36,11.4,80,"74531093065,F6348,KAFF,C8796,72466093037,KCOS"
COLORADO SPRINGS,"3109 North El Paso Street COLORADO SPRINGS,CO 80907",2022-01-31,40.5,36.4,19.77,24.2,94.8,"74531093065,F6348,KAFF,C8796,KCOS"
COLORADO SPRINGS,"3109 North El Paso Street COLORADO SPRINGS,CO 80907",2022-02-01,25.5,16.2,56.51,21.5,149.2,"74531093065,F6348,KAFF,C8796,AV694,72466093037,KCOS"
COLORADO SPRINGS,"3109 North El Paso Street COLORADO SPRINGS,CO 80907",2022-02-02,8.8,-3.8,79.59,14.6,60.9,"74531093065,F6348,KAFF,C8796,KFCS,F7076,KCOS"
COLORADO SPRINGS,"3109 North El Paso Street COLORADO SPRINGS,CO 80907",2022-02-03,2.8,-4.7,73.48,11.1,138.2,"KAFF,C8796,AV694,KFCS,F7076,KCWN,KCOS"
COLORADO SPRINGS,"3109 North El Paso Street COLORADO SPRINGS,CO 80907",2022-02-04,14.9,4.8,54.85,11.4,128.3,"F6348,KAFF,C8796,KFCS,KCWN,KCOS"
COLORADO SPRINGS,"3109 North El Paso Street COLORADO SPRINGS,CO 80907",2022-02-05,34.3,26.6,36.91,16,75.7,"KAFF,C8796,KFCS,KCOS"
COLORADO SPRINGS,"3109 North El Paso Street COLORADO SPRINGS,CO 80907",2022-02-06,28,19.4,58.61,22.2,123,"KAFF,C8796,KFCS,F7076,KCWN,KCOS"
LEXINGTON,"1183 C Brock McVey Drive LEXINGTON,KY 40509",2022-01-30,29.5,21.7,58.67,12.4,255.5,"72422093820,72045600146,KLEX,AV666,99999963838"
LEXINGTON,"1183 C Brock McVey Drive LEXINGTON,KY 40509",2022-01-31,30.5,28.2,70.2,5.5,246.9,"72422093820,KLEX,AV666,99999963838"
LEXINGTON,"1183 C Brock McVey Drive LEXINGTON,KY 40509",2022-02-01,44.7,40.9,47.54,18.8,258.5,"72422093820,KLEX,AV666,99999963838"
LEXINGTON,"1183 C Brock McVey Drive LEXINGTON,KY 40509",2022-02-02,45.2,40.1,75.37,14.5,44.3,"72422093820,KIOB,KLEX,KFFT,AV666,99999963838"
LEXINGTON,"1183 C Brock McVey Drive LEXINGTON,KY 40509",2022-02-03,36.1,28.7,93.07,16.1,25,"KIOB,KLEX,KFFT,AV666"
LEXINGTON,"1183 C Brock McVey Drive LEXINGTON,KY 40509",2022-02-04,23.4,14.3,87.63,14.8,95.1,"KIOB,KLEX,KFFT,AV666"
LEXINGTON,"1183 C Brock McVey Drive LEXINGTON,KY 40509",2022-02-05,19.9,14.1,80,12.1,239,"KIOB,KLEX,KFFT,AV666"
LEXINGTON,"1183 C Brock McVey Drive LEXINGTON,KY 40509",2022-02-06,28.7,23.7,74.08,11.6,267.3,"KIOB,KLEX,KFFT,AV666"
CONCORD,"1340 Galaxy Way Suite L CONCORD,CA 94520",2022-01-30,47.4,46.6,71.78,5.8,276.6,"72493023230,74516023202,KCCR,72495023254,C3884"
CONCORD,"1340 Galaxy Way Suite L CONCORD,CA 94520",2022-01-31,49.4,48.4,76.08,5.8,194.4,"72493023230,KCCR,72495023254,KAPC,C3884,PLEC1"
CONCORD,"1340 Galaxy Way Suite L CONCORD,CA 94520",2022-02-01,48.1,46.6,53.96,18.3,257.5,"72493023230,KCCR,E6179,72495023254,C3884,PLEC1"
CONCORD,"1340 Galaxy Way Suite L CONCORD,CA 94520",2022-02-02,52.7,51.5,33.86,22.4,249.1,"72493023230,KCCR,CI170,72495023254,KSUU,C3884,KOAK,PLEC1"
CONCORD,"1340 Galaxy Way Suite L CONCORD,CA 94520",2022-02-03,48.1,47.3,54.64,8.1,253.8,"KCCR,KSUU,C3884,KOAK,PLEC1"
CONCORD,"1340 Galaxy Way Suite L CONCORD,CA 94520",2022-02-04,47.5,47.1,66.55,9.2,257,"KCCR,E6179,KAPC,KSUU,C3884,KOAK"
CONCORD,"1340 Galaxy Way Suite L CONCORD,CA 94520",2022-02-05,50,49.1,63.85,4.7,240.4,"KCCR,KAPC,KSUU,C3884,KOAK,PLEC1"
CONCORD,"1340 Galaxy Way Suite L CONCORD,CA 94520",2022-02-06,49.8,49.3,65.66,6.9,260.4,"KCCR,E6179,KAPC,KSUU,C3884,KOAK,PLEC1"
WARWICK,"65 Access Road WARWICK,RI 2886",2022-01-30,14.9,2.6,41.71,17.2,166.2,"KPVD,99999954796,72505464710,F2973,72507014765,E7318"
WARWICK,"65 Access Road WARWICK,RI 2886",2022-01-31,16.1,11.5,58.43,5.8,159.1,"KPVD,72505464710,F2973,72507014765,E7318"
WARWICK,"65 Access Road WARWICK,RI 2886",2022-02-01,23.8,16.8,71.89,12.7,114.2,"KPVD,99999954796,72505464710,72507014765,E7318,KSFZ"
WARWICK,"65 Access Road WARWICK,RI 2886",2022-02-02,36,34.7,78.5,5.8,123.3,"KPVD,72505464710,KUUU,F2973,72507014765,E7318,KSFZ"
WARWICK,"65 Access Road WARWICK,RI 2886",2022-02-03,40.2,37.5,96.8,8,72.9,"KPVD,KUUU,E7318,KSFZ"
WARWICK,"65 Access Road WARWICK,RI 2886",2022-02-04,38.4,31.2,94.29,19.6,29.3,"KPVD,KTAN,KEWB,KUUU,E7318,KSFZ"
WARWICK,"65 Access Road WARWICK,RI 2886",2022-02-05,23.6,12.8,70.16,16.1,91.3,"KPVD,KTAN,KEWB,F2973,E7318,KSFZ"
WARWICK,"65 Access Road WARWICK,RI 2886",2022-02-06,20.1,12.6,64.44,11.4,105.9,"KPVD,KTAN,F2973,E7318,KSFZ"
HENRICO,"2836 East Parham Road HENRICO,VA 23228",2022-01-30,24.9,22,53.65,10.1,193.3,"C0630,AS694,72401013740,72049800153,KOFP,TT281,72308493775"
HENRICO,"2836 East Parham Road HENRICO,VA 23228",2022-01-31,31.7,30.5,65.02,6,276.8,"C0630,TT216,AS694,72401013740,KOFP,72308493775"
HENRICO,"2836 East Parham Road HENRICO,VA 23228",2022-02-01,33.2,31.2,66.82,5.7,334,"C0630,TT215,AS694,72401013740,KOFP,72308493775"
HENRICO,"2836 East Parham Road HENRICO,VA 23228",2022-02-02,38.3,37.9,74.85,5.6,306.8,"C0630,KRIC,KFCI,AS694,72401013740,KOFP,TT281,72308493775"
HENRICO,"2836 East Parham Road HENRICO,VA 23228",2022-02-03,52.1,51.9,89.42,13,57.7,"C0630,KRIC,KFCI,F2053,KOFP,TT281"
HENRICO,"2836 East Parham Road HENRICO,VA 23228",2022-02-04,56.5,55.3,86.67,21.3,30.8,"C0630,KRIC,KFCI,KOFP,TT281,AS799"
HENRICO,"2836 East Parham Road HENRICO,VA 23228",2022-02-05,33.9,29,55.05,16,350.6,"C0630,KRIC,KFCI,AS694,FAPV2,KOFP"
HENRICO,"2836 East Parham Road HENRICO,VA 23228",2022-02-06,30.5,28.3,53.92,7.5,348.2,"C0630,KRIC,KFCI,AS694,FAPV2,KOFP"
STAMFORD,"330 Fairfield Avenue STAMFORD,CT 6902",2022-01-30,15.7,3.9,47.74,21.3,160.7,"KDXR,72503794745,F8740,KHPN,74486454787"
STAMFORD,"330 Fairfield Avenue STAMFORD,CT 6902",2022-01-31,18.8,13.5,51.77,7.6,145.8,"72503794745,F8740,F7223,KHPN,74486454787"
STAMFORD,"330 Fairfield Avenue STAMFORD,CT 6902",2022-02-01,25.8,19.4,58.22,11.3,154,"72503794745,F8740,F7223,KHPN,74486454787"
STAMFORD,"330 Fairfield Avenue STAMFORD,CT 6902",2022-02-02,36.3,34.1,80.97,6.8,131.4,"KDXR,72503794745,KFRG,F8740,F7223,KHPN,74486454787"
STAMFORD,"330 Fairfield Avenue STAMFORD,CT 6902",2022-02-03,40.5,39.3,94.55,7.6,65.5,"KDXR,KFRG,F8740,KHPN"
STAMFORD,"330 Fairfield Avenue STAMFORD,CT 6902",2022-02-04,36.2,28.8,87.4,16.5,36.9,"KDXR,KFRG,F8740,KHPN"
STAMFORD,"330 Fairfield Avenue STAMFORD,CT 6902",2022-02-05,22.1,10.1,67.66,20.6,96.6,"KDXR,KFRG,F8740,KHPN"
STAMFORD,"330 Fairfield Avenue STAMFORD,CT 6902",2022-02-06,19.7,13.4,63.03,11.8,78.8,"KDXR,KFRG,F8740,KHPN"
SAINT PAUL,"3764 North Dunlap Avenue SAINT PAUL,MN 55112",2022-01-30,18.2,10,69.13,14.3,168.1,"D4810,KSTP,72658414927,72657594960,72658014922,KMIC"
SAINT PAUL,"3764 North Dunlap Avenue SAINT PAUL,MN 55112",2022-01-31,20.5,8.7,75.76,17.4,171,"D4810,KSTP,72658414927,KMIC"
SAINT PAUL,"3764 North Dunlap Avenue SAINT PAUL,MN 55112",2022-02-01,19.3,4.4,65.45,23.3,190.5,"D4810,KSTP,72658414927,HPN21,KMIC"
SAINT PAUL,"3764 North Dunlap Avenue SAINT PAUL,MN 55112",2022-02-02,1.5,-15.5,59.2,17.1,239.9,"D4810,KSTP,72658414927,KMSP,KMIC"
SAINT PAUL,"3764 North Dunlap Avenue SAINT PAUL,MN 55112",2022-02-03,-2.5,-7.6,56.38,8.6,263.7,"D4810,KSTP,KMSP,KMIC"
SAINT PAUL,"3764 North Dunlap Avenue SAINT PAUL,MN 55112",2022-02-04,2.5,-9.5,63.83,14.9,184.5,"D4810,KSTP,KMSP,KMIC"
SAINT PAUL,"3764 North Dunlap Avenue SAINT PAUL,MN 55112",2022-02-05,10.2,-1.3,66.28,17.5,82.3,"D4810,KSTP,HPN21,KMSP,KMIC"
SAINT PAUL,"3764 North Dunlap Avenue SAINT PAUL,MN 55112",2022-02-06,16.4,7.6,75.11,17.8,50.1,"D4810,KSTP,HPN21,KMSP,KMIC"
PEORIA,"7718 North Harker Drive PEORIA,IL 61615",2022-01-30,25,18.6,64.41,13.4,101.2,"72532014842,72439754831,MASI2,KC75,F1256,C5521,F7405,A0001704868,KPIA"
PEORIA,"7718 North Harker Drive PEORIA,IL 61615",2022-01-31,28.4,22.3,62.58,16.8,103.3,"72532014842,MASI2,KC75,C5521,F7405,A0001704868,KPIA"
PEORIA,"7718 North Harker Drive PEORIA,IL 61615",2022-02-01,37.4,30.9,69.93,12.8,44.9,"72532014842,MASI2,KC75,C5521,F7405,A0001704868,KPIA"
PEORIA,"7718 North Harker Drive PEORIA,IL 61615",2022-02-02,18.2,5.6,75.7,16.4,41.9,"72532014842,KBMI,MASI2,KC75,C5521,F7405,A0001704868,KPIA"
PEORIA,"7718 North Harker Drive PEORIA,IL 61615",2022-02-03,15,2.3,66.57,13,59.4,"KBMI,MASI2,KC75,C5521,F7405,KPIA"
PEORIA,"7718 North Harker Drive PEORIA,IL 61615",2022-02-04,13.3,3.2,64.94,16,115.2,"KBMI,MASI2,KC75,C5521,F7405,KPIA"
PEORIA,"7718 North Harker Drive PEORIA,IL 61615",2022-02-05,8.4,-3.2,69.49,17,117.1,"KBMI,MASI2,KC75,C5521,F7405,KPIA"
PEORIA,"7718 North Harker Drive PEORIA,IL 61615",2022-02-06,24.3,14.4,70.38,16.1,112.6,"KBMI,MASI2,KC75,C5521,KPIA"
CINCINNATI,"11565 Rockfield Court CINCINNATI,OH 45241",2022-01-30,26.4,23.2,63.78,10.5,183.9,"D5657,72521753855,72224963887,KHAO,E4634,72429793812"
CINCINNATI,"11565 Rockfield Court CINCINNATI,OH 45241",2022-01-31,27.3,26.8,70.37,5.8,178.3,"D5657,72521753855,KHAO,E4634,72429793812"
CINCINNATI,"11565 Rockfield Court CINCINNATI,OH 45241",2022-02-01,40.5,39.6,61.07,12.4,161.3,"D5657,72521753855,KHAO,E4634,72429793812"
CINCINNATI,"11565 Rockfield Court CINCINNATI,OH 45241",2022-02-02,42.7,40.7,81.32,8.7,36.3,"D5657,KI69,72521753855,KLUK,E9434,KHAO,E4634,72429793812"
CINCINNATI,"11565 Rockfield Court CINCINNATI,OH 45241",2022-02-03,28.9,19.5,88.83,14.2,18.3,"D5657,KI69,F7513,KLUK,KHAO,E4634,KI67"
CINCINNATI,"11565 Rockfield Court CINCINNATI,OH 45241",2022-02-04,20.5,12.4,81.63,11.3,69.7,"D5657,F7513,KLUK,KHAO,E4634,KI67"
CINCINNATI,"11565 Rockfield Court CINCINNATI,OH 45241",2022-02-05,18.5,13.4,74.58,13,213.1,"D5657,KLUK,KHAO,E4634,KI67"
CINCINNATI,"11565 Rockfield Court CINCINNATI,OH 45241",2022-02-06,24,22.5,74.92,7.1,263.9,"D5657,KLUK,KHAO,E4634,KI67"
HOLBROOK,"101 10 Colin Drive HOLBROOK,NY 11741",2022-01-30,16.3,5.5,50.09,21.7,149.6,"F8866,TT587,72505004781,KISP,72501654790,KHWV"
HOLBROOK,"101 10 Colin Drive HOLBROOK,NY 11741",2022-01-31,19.5,16.5,59.21,6.7,143.7,"F8866,TT587,72505004781,KISP,72501654790"
HOLBROOK,"101 10 Colin Drive HOLBROOK,NY 11741",2022-02-01,26.5,19.4,72.92,11.3,172.2,"F8866,TT587,72505004781,KISP,72501654790,KHWV"
HOLBROOK,"101 10 Colin Drive HOLBROOK,NY 11741",2022-02-02,36.8,33.5,91.47,7,110.4,"F8866,TT587,KFRG,72505004781,KISP,72501654790,KHWV"
HOLBROOK,"101 10 Colin Drive HOLBROOK,NY 11741",2022-02-03,42.9,39.8,98.33,10.5,61.2,"F8866,TT587,KFRG,KISP,KHWV"
HOLBROOK,"101 10 Colin Drive HOLBROOK,NY 11741",2022-02-04,40.4,33.4,96.72,19.5,26.8,"F8866,TT587,KFRG,KISP,KHWV"
HOLBROOK,"101 10 Colin Drive HOLBROOK,NY 11741",2022-02-05,24.8,12.2,65.41,21.7,129.2,"F8866,TT587,KFRG,F7551,KISP,KHWV"
HOLBROOK,"101 10 Colin Drive HOLBROOK,NY 11741",2022-02-06,23.1,16.5,60.73,11.3,164.5,"F8866,TT587,KFRG,KISP,KHWV"
CARROLLTON,"3361 Boyington Suite 240 CARROLLTON,TX 75006",2022-01-30,55.3,54.2,30.86,9.9,194.1,"C2683,KDAL,72259003927,72259903971,72258013960"
CARROLLTON,"3361 Boyington Suite 240 CARROLLTON,TX 75006",2022-01-31,57.3,56.9,62.58,18.3,165.5,"C2683,KDAL,72259003927,72258013960"
CARROLLTON,"3361 Boyington Suite 240 CARROLLTON,TX 75006",2022-02-01,61.1,61.1,73.52,13.9,123.8,"C2683,KDAL,72259003927,72258013960"
CARROLLTON,"3361 Boyington Suite 240 CARROLLTON,TX 75006",2022-02-02,44.4,38.8,83.77,18.8,39.5,"C2683,KDAL,72259003927,KDFW,KRBD,72258013960"
CARROLLTON,"3361 Boyington Suite 240 CARROLLTON,TX 75006",2022-02-03,23.6,10.4,83.41,20,32.9,"C2683,KDAL,KDFW,KRBD"
CARROLLTON,"3361 Boyington Suite 240 CARROLLTON,TX 75006",2022-02-04,26.6,16,69.8,15.7,157.8,"1132W,C2683,KDAL,KDFW,KRBD"
CARROLLTON,"3361 Boyington Suite 240 CARROLLTON,TX 75006",2022-02-05,34.2,31,58.47,10.1,279.9,"1132W,C2683,KDAL,KDFW,KRBD"
CARROLLTON,"3361 Boyington Suite 240 CARROLLTON,TX 75006",2022-02-06,42,39.2,50.42,11.2,240.3,"1132W,C2683,KDAL,KDFW,KRBD"
WESTLAKE,"29300 Clemens Road WESTLAKE,OH 44145",2022-01-30,16.9,10.1,75.41,9.3,92,"KCLE,72521404849,72524014820,72524504853,D5616"
WESTLAKE,"29300 Clemens Road WESTLAKE,OH 44145",2022-01-31,18.8,15,77,9.3,257.3,"KCLE,72524014820,72524504853,D5616"
WESTLAKE,"29300 Clemens Road WESTLAKE,OH 44145",2022-02-01,36.5,28.2,51.9,18.3,258.2,"KCLE,72524014820,72524504853,D5616"
WESTLAKE,"29300 Clemens Road WESTLAKE,OH 44145",2022-02-02,40.3,33,69.65,17.9,41.2,"KLPR,KCLE,72524014820,72524504853,KBKL,D5616"
WESTLAKE,"29300 Clemens Road WESTLAKE,OH 44145",2022-02-03,25.1,10.6,87.32,28.3,38.6,"KLPR,KCLE,KBKL,D5616"
WESTLAKE,"29300 Clemens Road WESTLAKE,OH 44145",2022-02-04,19.6,7.4,81.54,22.2,120.6,"KLPR,KCLE,F8255,KBKL,D5616"
WESTLAKE,"29300 Clemens Road WESTLAKE,OH 44145",2022-02-05,16.5,9,75.86,9.6,222.7,"KLPR,KCLE,KBKL,D5616"
WESTLAKE,"29300 Clemens Road WESTLAKE,OH 44145",2022-02-06,24.8,13.3,64.61,18.8,281.7,"KLPR,KCLE,KBKL,D5616"
OXNARD,"701 Del Norte Boulevard Suite 225 OXNARD,CA 93030",2022-01-30,52.4,51.3,46.69,11.6,330.6,"72392623136,SE142,72392793110,KOXR,ER,KCMA"
OXNARD,"701 Del Norte Boulevard Suite 225 OXNARD,CA 93030",2022-01-31,50.4,50,68.44,8.7,215.8,"72392623136,SE142,KOXR,ER,KCMA"
OXNARD,"701 Del Norte Boulevard Suite 225 OXNARD,CA 93030",2022-02-01,52.9,52.4,75.23,11.4,307.9,"72392623136,SE142,KOXR,ER,KCMA"
OXNARD,"701 Del Norte Boulevard Suite 225 OXNARD,CA 93030",2022-02-02,54.2,53.2,30.57,27.7,311.4,"KNTD,72392623136,SE142,KOXR,ER,KCMA"
OXNARD,"701 Del Norte Boulevard Suite 225 OXNARD,CA 93030",2022-02-03,53.6,52.4,32.79,11.5,253.4,"KNTD,SE142,KOXR,ER,KCMA"
OXNARD,"701 Del Norte Boulevard Suite 225 OXNARD,CA 93030",2022-02-04,60.1,60.1,20.59,26.1,296,"KNTD,SE142,KOXR,ER,KCMA"
OXNARD,"701 Del Norte Boulevard Suite 225 OXNARD,CA 93030",2022-02-05,58.9,58.7,26.16,22.4,284.6,"KNTD,SE142,KOXR,ER,KCMA"
OXNARD,"701 Del Norte Boulevard Suite 225 OXNARD,CA 93030",2022-02-06,62.6,62.3,26.93,13.7,269.7,"KNTD,SE142,KOXR,ER,KCMA"
PITTSBURGH,"1909 New Texas Road PITTSBURGH,PA 15239",2022-01-30,15,7.8,65.81,8.8,26,"KAGC,72512464705,72520514762,E1454,72520094823,F8827"
PITTSBURGH,"1909 New Texas Road PITTSBURGH,PA 15239",2022-01-31,22.3,17.4,65.19,6.9,124.3,"KAGC,72512464705,72520514762,E1454"
PITTSBURGH,"1909 New Texas Road PITTSBURGH,PA 15239",2022-02-01,32.3,25.5,53.68,12.3,164.6,"KAGC,72512464705,72520514762,E1454"
PITTSBURGH,"1909 New Texas Road PITTSBURGH,PA 15239",2022-02-02,38.8,33.9,58.84,11.2,97.2,"KBTP,KAGC,72512464705,KPIT,72520514762,E1454,72520094823,0495W"
PITTSBURGH,"1909 New Texas Road PITTSBURGH,PA 15239",2022-02-03,35,28.4,95.16,12.5,30.3,"KBTP,KAGC,E7897,KPIT,E1454,KAFJ"
PITTSBURGH,"1909 New Texas Road PITTSBURGH,PA 15239",2022-02-04,24.2,15.3,88.63,13.2,12.3,"KAGC,KPIT,E1454,C9002,KAFJ,F8827"
PITTSBURGH,"1909 New Texas Road PITTSBURGH,PA 15239",2022-02-05,16.4,8.5,80.35,13.5,22.5,"KAGC,KPIT,E1454,KAFJ,F8827"
PITTSBURGH,"1909 New Texas Road PITTSBURGH,PA 15239",2022-02-06,21.6,16.1,74.88,10.2,109,"KAGC,KPIT,E1454,KAFJ"
ALBUQUERQUE,"2400 Midtown N E ALBUQUERQUE,NM 87107",2022-01-30,34.5,30.9,49.06,9.2,113.6,"72365623049,K0E0,SN001,72072499999,72365023050,KABQ,NMC05,F3713"
ALBUQUERQUE,"2400 Midtown N E ALBUQUERQUE,NM 87107",2022-01-31,37.9,36.2,47.03,7,315.6,"K0E0,72365023050,KABQ,D1490,F3713"
ALBUQUERQUE,"2400 Midtown N E ALBUQUERQUE,NM 87107",2022-02-01,40.6,37.8,29.59,11.4,139.2,"TJRN5,K0E0,72365023050,KABQ,F3713"
ALBUQUERQUE,"2400 Midtown N E ALBUQUERQUE,NM 87107",2022-02-02,28.2,15.4,72.5,32.3,86,"K0E0,SN001,72365023050,KABQ,NMC05,KSAF,F3713"
ALBUQUERQUE,"2400 Midtown N E ALBUQUERQUE,NM 87107",2022-02-03,17,8.6,67.67,28,260.9,"K0E0,SN001,KABQ,D1490,KSAF,F3713"
ALBUQUERQUE,"2400 Midtown N E ALBUQUERQUE,NM 87107",2022-02-04,19.6,13.4,64.65,9.2,298.4,"K0E0,SN001,KABQ,KSAF,F3713"
ALBUQUERQUE,"2400 Midtown N E ALBUQUERQUE,NM 87107",2022-02-05,24.9,20.9,59.09,6.9,305.2,"K0E0,SN001,KABQ,KSAF,F3713"
ALBUQUERQUE,"2400 Midtown N E ALBUQUERQUE,NM 87107",2022-02-06,30.1,22.9,56.03,21.3,211,"K0E0,SN001,KABQ,KSAF,F3713"
COLUMBIA,"500 Rivermont Drive Suite W COLUMBIA,SC 29210",2022-01-30,36.7,35.1,44.71,16,175.7,"72310503858,RCEDV,KCUB,RCRIC,72310013883,72310453867,KCAE"
COLUMBIA,"500 Rivermont Drive Suite W COLUMBIA,SC 29210",2022-01-31,42.5,42.2,61.51,7.3,186.7,"1176W,RCEDV,72310013883,72310453867,KCAE"
COLUMBIA,"500 Rivermont Drive Suite W COLUMBIA,SC 29210",2022-02-01,43.7,42.6,60.71,8.7,370.8,"1176W,KCUB,72310013883,72310453867,KCAE"
COLUMBIA,"500 Rivermont Drive Suite W COLUMBIA,SC 29210",2022-02-02,49.3,48.9,60.1,8.1,277.5,"1176W,KCUB,KMMT,72310013883,72310453867,KCAE"
COLUMBIA,"500 Rivermont Drive Suite W COLUMBIA,SC 29210",2022-02-03,63.7,63.7,75.49,20.5,222.9,"1176W,KCUB,KMMT,KCAE"
COLUMBIA,"500 Rivermont Drive Suite W COLUMBIA,SC 29210",2022-02-04,62.8,62.8,86.37,16.9,49.1,"1176W,KCUB,KMMT,KCAE"
COLUMBIA,"500 Rivermont Drive Suite W COLUMBIA,SC 29210",2022-02-05,45.2,41.4,51.04,18.6,396,"1176W,KCUB,KMMT,KCAE"
COLUMBIA,"500 Rivermont Drive Suite W COLUMBIA,SC 29210",2022-02-06,39.8,35.2,46.79,12.8,308.6,"1176W,KCUB,KMMT,KCAE"
TUCSON,"2425 North Huachuca Suite 151 TUCSON,AZ 85745",2022-01-30,54.8,54.4,29.51,11.9,416.4,"KTUS,QPSA3,KDMA,72274523109,99999953131"
TUCSON,"2425 North Huachuca Suite 151 TUCSON,AZ 85745",2022-01-31,51.4,50.3,34.34,9.2,350.2,"AZM01,QPSA3,KDMA,72274523109,99999953131"
TUCSON,"2425 North Huachuca Suite 151 TUCSON,AZ 85745",2022-02-01,52.6,51.3,31.02,9.8,172.9,"KTUS,AZM01,QPSA3,KDMA,72274523109,99999953131"
TUCSON,"2425 North Huachuca Suite 151 TUCSON,AZ 85745",2022-02-02,50.9,50.1,25.79,22.4,256.1,"KAVQ,F3706,KTUS,AZM01,QPSA3,KDMA,72274523109"
TUCSON,"2425 North Huachuca Suite 151 TUCSON,AZ 85745",2022-02-03,39.2,36,22.57,11,367.5,"KAVQ,F3706,KTUS,AZM01,KDMA"
TUCSON,"2425 North Huachuca Suite 151 TUCSON,AZ 85745",2022-02-04,44.5,41.6,21.45,22.4,375.5,"KAVQ,F3706,KTUS,AZM01,KDMA"
TUCSON,"2425 North Huachuca Suite 151 TUCSON,AZ 85745",2022-02-05,50,45.9,16.8,22.4,378.1,"KAVQ,F3706,KTUS,AZM01,KDMA"
TUCSON,"2425 North Huachuca Suite 151 TUCSON,AZ 85745",2022-02-06,50.3,48.9,23.14,12.8,378.6,"KAVQ,F3706,KTUS,AZM01,KDMA"
KNOXVILLE,"1701 Louisville Drive Suite 104 105 KNOXVILLE,TN 37921",2022-01-30,35,29.4,45.49,17,271.3,"KTYS,72326013891,KOQT,72427053868,AS828,72090799999,F7749"
KNOXVILLE,"1701 Louisville Drive Suite 104 105 KNOXVILLE,TN 37921",2022-01-31,38.2,36.9,53.34,8.7,263.9,"KTYS,72326013891,KOQT,AS828,AV702,F7749"
KNOXVILLE,"1701 Louisville Drive Suite 104 105 KNOXVILLE,TN 37921",2022-02-01,41.6,40.2,52.36,7,320.2,"KTYS,72326013891,KOQT,AS828,F7749"
KNOXVILLE,"1701 Louisville Drive Suite 104 105 KNOXVILLE,TN 37921",2022-02-02,45.1,43.5,69.1,9.9,99.9,"KTYS,72326013891,KOQT,KMOR,AS828,CCKT1"
KNOXVILLE,"1701 Louisville Drive Suite 104 105 KNOXVILLE,TN 37921",2022-02-03,50.2,49.6,97.81,5.4,57.5,"KTYS,KOQT,KMOR,AS828,CCKT1"
KNOXVILLE,"1701 Louisville Drive Suite 104 105 KNOXVILLE,TN 37921",2022-02-04,38.2,33.8,91.08,12.1,29.9,"KTYS,KOQT,KMOR,AS828,F7749"
KNOXVILLE,"1701 Louisville Drive Suite 104 105 KNOXVILLE,TN 37921",2022-02-05,30,25.5,59.78,9.9,173.5,"KTYS,KOQT,KMOR,AS828,AV702,F7749"
KNOXVILLE,"1701 Louisville Drive Suite 104 105 KNOXVILLE,TN 37921",2022-02-06,33.8,32.9,65.65,5.2,176.1,"KTYS,KOQT,KMOR,AV702,F7749"
EARTH CITY,"13501 Shoreline Drive EARTH CITY,MO 63045",2022-01-30,31.8,24.7,61.38,17.7,152.9,"MBGM7,KSTL,72434503966,72434013994,E8100,72434753904"
EARTH CITY,"13501 Shoreline Drive EARTH CITY,MO 63045",2022-01-31,37.9,32.4,58.28,17.9,143.4,"MBGM7,KSTL,72434013994,E8100,72434753904"
EARTH CITY,"13501 Shoreline Drive EARTH CITY,MO 63045",2022-02-01,47.4,43.9,74,16.3,84.6,"MBGM7,KSTL,72434013994,E8100,72434753904"
EARTH CITY,"13501 Shoreline Drive EARTH CITY,MO 63045",2022-02-02,23,10.7,89.47,17.2,43.6,"MBGM7,KSTL,KSET,KSUS,72434013994,E8100,72434753904"
EARTH CITY,"13501 Shoreline Drive EARTH CITY,MO 63045",2022-02-03,17.5,3.9,85.46,16.3,30.8,"MBGM7,KSTL,KSET,KSUS,E8100"
EARTH CITY,"13501 Shoreline Drive EARTH CITY,MO 63045",2022-02-04,18.7,8.9,72.29,13,118.7,"MBGM7,E5015,KSTL,KSET,KSUS,E8100"
EARTH CITY,"13501 Shoreline Drive EARTH CITY,MO 63045",2022-02-05,18.1,9.1,65.81,13.8,182.9,"MBGM7,KSTL,KSET,KSUS,E8100"
EARTH CITY,"13501 Shoreline Drive EARTH CITY,MO 63045",2022-02-06,29.7,24.5,71.49,10.5,180.2,"MBGM7,KSTL,KSET,KSUS,E8100"
WEBSTER,"16933 North Texas Avenue WEBSTER,TX 77598",2022-01-30,53.3,53.1,63.97,9.5,166.3,"KHOU,72059400188,72242712975,KLVJ,72244012918,AT862"
WEBSTER,"16933 North Texas Avenue WEBSTER,TX 77598",2022-01-31,58.4,58.4,87,16.1,37.7,"KHOU,72242712975,KLVJ,AT862"
WEBSTER,"16933 North Texas Avenue WEBSTER,TX 77598",2022-02-01,61.8,61.8,87.18,13.1,148.6,"KHOU,72242712975,KLVJ,AT862"
WEBSTER,"16933 North Texas Avenue WEBSTER,TX 77598",2022-02-02,61.8,61.8,95.58,10.1,125.4,"KHOU,72242712975,KAXH,KLVJ,F1563,AT862"
WEBSTER,"16933 North Texas Avenue WEBSTER,TX 77598",2022-02-03,40.3,32.4,86.89,18.9,54.5,"KHOU,KGLS,KAXH,KLVJ,AT862"
WEBSTER,"16933 North Texas Avenue WEBSTER,TX 77598",2022-02-04,31.5,21,72.96,18.2,124.9,"KHOU,KAXH,KLVJ,AT862"
WEBSTER,"16933 North Texas Avenue WEBSTER,TX 77598",2022-02-05,38.5,34.6,58.13,12.4,145.7,"KHOU,F7313,KAXH,KLVJ,AT862"
WEBSTER,"16933 North Texas Avenue WEBSTER,TX 77598",2022-02-06,44.5,44.1,69.7,8.4,146.8,"KHOU,F7313,KAXH,KLVJ,AT862"
BEACHWOOD,"23980 Mercantile Road BEACHWOOD,OH 44122",2022-01-30,17.2,8.9,74.89,12.8,95.7,"KLNN,AV662,KBKL,72524504853,72524499999"
BEACHWOOD,"23980 Mercantile Road BEACHWOOD,OH 44122",2022-01-31,20.5,15.1,75.6,10.3,181.5,"KLNN,AV662,KBKL,72524504853"
BEACHWOOD,"23980 Mercantile Road BEACHWOOD,OH 44122",2022-02-01,37.3,28.8,48.07,22.6,187.2,"KLNN,AV662,KBKL,72524504853"
BEACHWOOD,"23980 Mercantile Road BEACHWOOD,OH 44122",2022-02-02,40.7,33.2,67.46,18.4,39,"KLNN,KCLE,D7394,AV662,72524014820,KBKL,72524504853"
BEACHWOOD,"23980 Mercantile Road BEACHWOOD,OH 44122",2022-02-03,26.3,11.7,86.48,28.6,31.8,"KLNN,KCLE,D7394,AV662,KBKL"
BEACHWOOD,"23980 Mercantile Road BEACHWOOD,OH 44122",2022-02-04,20.8,8.2,79.42,24.1,73.9,"KLNN,KCLE,AV662,KBKL"
BEACHWOOD,"23980 Mercantile Road BEACHWOOD,OH 44122",2022-02-05,16.9,9.1,74.83,10.1,191.7,"KLNN,KCLE,AV662,KBKL"
BEACHWOOD,"23980 Mercantile Road BEACHWOOD,OH 44122",2022-02-06,26.1,14.6,59.68,18.7,205.6,"KLNN,KCLE,AV662,KBKL"
RALEIGH,"2409 Alwin Ct RALEIGH,NC 27604",2022-01-30,30.2,26.6,39.18,11.3,283.2,"KLHZ,72214103731,F6611,72213103713,1327W,KRDU,72306013722"
RALEIGH,"2409 Alwin Ct RALEIGH,NC 27604",2022-01-31,35.8,34.4,51.38,7.6,331.3,"KLHZ,1327W,KRDU,72306013722,0425W"
RALEIGH,"2409 Alwin Ct RALEIGH,NC 27604",2022-02-01,37.5,34.3,67.79,7.9,355.2,"KLHZ,1327W,KRDU,72306013722"
RALEIGH,"2409 Alwin Ct RALEIGH,NC 27604",2022-02-02,43.4,42.7,68.12,6.5,370.6,"KLHZ,KJNX,1327W,KRDU,72306013722"
RALEIGH,"2409 Alwin Ct RALEIGH,NC 27604",2022-02-03,58,57.9,80.02,17.5,135.9,"KLHZ,KJNX,1327W,KRDU"
RALEIGH,"2409 Alwin Ct RALEIGH,NC 27604",2022-02-04,63.6,63.4,85.16,21.3,101.5,"KLHZ,1328W,KJNX,1327W,KRDU"
RALEIGH,"2409 Alwin Ct RALEIGH,NC 27604",2022-02-05,38.1,33.7,49.69,12.7,352.6,"KLHZ,KJNX,1327W,KRDU,F9161"
RALEIGH,"2409 Alwin Ct RALEIGH,NC 27604",2022-02-06,32.4,27.2,56.22,10.6,361.6,"KLHZ,F6611,KJNX,1327W,KRDU"
PORTLAND,"14010 SW 72nd Avenue PORTLAND,OR 97224",2022-01-30,40.5,38,80.45,15.2,93.2,"72695994281,72698024229,KUAO,72698694261,E4932"
PORTLAND,"14010 SW 72nd Avenue PORTLAND,OR 97224",2022-01-31,40.4,36.5,79.39,9.4,164.9,"KHIO,F9005,72695994281,KUAO,72698694261,E4932"
PORTLAND,"14010 SW 72nd Avenue PORTLAND,OR 97224",2022-02-01,38.3,36.5,85.24,7.5,142.7,"KHIO,D6016,72695994281,KUAO,72698694261,E4932"
PORTLAND,"14010 SW 72nd Avenue PORTLAND,OR 97224",2022-02-02,41.3,39.3,92.05,7.8,45.9,"KHIO,72695994281,KPDX,KUAO,72698694261,E4932"
PORTLAND,"14010 SW 72nd Avenue PORTLAND,OR 97224",2022-02-03,43.6,42.6,85.58,6.1,131.4,"KHIO,KPDX,KUAO,E4932"
PORTLAND,"14010 SW 72nd Avenue PORTLAND,OR 97224",2022-02-04,40.5,38.6,90.01,7.5,69.8,"KHIO,F9005,KPDX,KUAO,E4932"
PORTLAND,"14010 SW 72nd Avenue PORTLAND,OR 97224",2022-02-05,44,43.6,83.13,6.8,140.5,"KHIO,KPDX,KUAO,E4932"
PORTLAND,"14010 SW 72nd Avenue PORTLAND,OR 97224",2022-02-06,38.4,38.2,86.59,3.4,183.7,"KHIO,KPDX,KUAO,E4932"
MILWAUKEE,"11725 W Bradley Road MILWAUKEE,WI 53218",2022-01-30,22.5,16.3,63.13,10.4,150.1,"72640014839,F6268,72641304875,KETB,KMKE"
MILWAUKEE,"11725 W Bradley Road MILWAUKEE,WI 53218",2022-01-31,25.5,19.6,69.51,15.9,166.5,"72640014839,F6268,72641304875,KETB,KMWC,KMKE"
MILWAUKEE,"11725 W Bradley Road MILWAUKEE,WI 53218",2022-02-01,37.4,29.5,61.05,15.7,166.5,"72640014839,F6268,KETB,KMKE"
MILWAUKEE,"11725 W Bradley Road MILWAUKEE,WI 53218",2022-02-02,17.9,4.9,53.8,14,97.6,"72640014839,F6268,KRAC,KETB,KMWC,KMKE"
MILWAUKEE,"11725 W Bradley Road MILWAUKEE,WI 53218",2022-02-03,13.8,-0.4,57.55,16.4,124.5,"F6268,KRAC,KETB,KMWC,AP732,KMKE"
MILWAUKEE,"11725 W Bradley Road MILWAUKEE,WI 53218",2022-02-04,14.7,5.2,67.2,13.8,120.8,"F6268,KRAC,KETB,KMWC,KMKE"
MILWAUKEE,"11725 W Bradley Road MILWAUKEE,WI 53218",2022-02-05,12.9,2,60.51,16,103.2,"F6268,KRAC,KETB,KMWC,KMKE"
MILWAUKEE,"11725 W Bradley Road MILWAUKEE,WI 53218",2022-02-06,29.3,20.4,60.82,14.7,161.3,"F6268,KRAC,KETB,KMWC,AP732,KMKE"
AUSTIN,"2315 Rutland Drive Suite 104 AUSTIN,TX 78758",2022-01-30,53.8,53.6,45.34,15,45.6,"KATT,AU165,KAUS,KEDC,72254013904,72254413958"
AUSTIN,"2315 Rutland Drive Suite 104 AUSTIN,TX 78758",2022-01-31,55.4,55.4,87.31,12,6.7,"KATT,AU165,KEDC,72254413958"
AUSTIN,"2315 Rutland Drive Suite 104 AUSTIN,TX 78758",2022-02-01,57.6,57.6,85.03,5,11,"KATT,AU165,KAUS,KEDC,72254013904,72254413958"
AUSTIN,"2315 Rutland Drive Suite 104 AUSTIN,TX 78758",2022-02-02,50,47.7,88.88,16.9,5,"KATT,AU165,KAUS,KEDC,72254413958"
AUSTIN,"2315 Rutland Drive Suite 104 AUSTIN,TX 78758",2022-02-03,29.3,19.7,85.22,15.2,82.8,"KATT,AU165,KAUS,KEDC"
AUSTIN,"2315 Rutland Drive Suite 104 AUSTIN,TX 78758",2022-02-04,29,20.3,71.75,16.1,179.9,"KATT,AU165,KAUS,KEDC"
AUSTIN,"2315 Rutland Drive Suite 104 AUSTIN,TX 78758",2022-02-05,36.4,33.8,57.63,6.3,104.1,"KATT,AU165,KAUS,KEDC"
AUSTIN,"2315 Rutland Drive Suite 104 AUSTIN,TX 78758",2022-02-06,42,41.4,56.73,6.2,78.6,"KATT,AU165,KAUS,KEDC"
WIXOM,"48168 West Road WIXOM,MI 48393",2022-01-30,17.7,14.5,67.66,6.3,46.5,"MICMC,72537094847,72537614853,72637594817,F7967,KPTK"
WIXOM,"48168 West Road WIXOM,MI 48393",2022-01-31,18.3,14.1,71.5,9.5,103.7,"MICMC,72537614853,72637594817,F7967,KPTK"
WIXOM,"48168 West Road WIXOM,MI 48393",2022-02-01,34.3,27.3,64.94,15,78.3,"MICMC,72537614853,72637594817,F7967,KPTK"
WIXOM,"48168 West Road WIXOM,MI 48393",2022-02-02,32.7,25.8,87.61,17,18.5,"MICMC,72537614853,72637594817,KYIP,F7967,KPTK,KDTW"
WIXOM,"48168 West Road WIXOM,MI 48393",2022-02-03,19.5,6,75.35,17.5,37.1,"MICMC,KYIP,F7967,KPTK,KDTW"
WIXOM,"48168 West Road WIXOM,MI 48393",2022-02-04,13.7,3.4,70.69,12.8,95.2,"MICMC,KYIP,F7967,KPTK,KDTW"
WIXOM,"48168 West Road WIXOM,MI 48393",2022-02-05,13.8,8,77.91,10.3,71.2,"MICMC,KYIP,F7967,KPTK,KDTW"
WIXOM,"48168 West Road WIXOM,MI 48393",2022-02-06,21,9.6,68.97,15.2,120.3,"MICMC,KYIP,F7967,KPTK,KDTW"
OKLAHOMA CITY,"3532 SW 2nd Street Suite A OKLAHOMA CITY,OK 73108",2022-01-30,45.7,42.9,32.88,10,320.9,"72354013919,72353013967,FTRO2,KPWA,E7272,KOKC,72354403954"
OKLAHOMA CITY,"3532 SW 2nd Street Suite A OKLAHOMA CITY,OK 73108",2022-01-31,50.7,48.4,44.73,17,307.3,"72353013967,FTRO2,KPWA,E7272,KOKC"
OKLAHOMA CITY,"3532 SW 2nd Street Suite A OKLAHOMA CITY,OK 73108",2022-02-01,54.4,53.1,76.2,19.9,125.9,"72353013967,D8343,KPWA,E7272,KOKC"
OKLAHOMA CITY,"3532 SW 2nd Street Suite A OKLAHOMA CITY,OK 73108",2022-02-02,25.8,11.7,87.55,25.3,47.5,"72353013967,KTIK,KPWA,E7272,KOKC"
OKLAHOMA CITY,"3532 SW 2nd Street Suite A OKLAHOMA CITY,OK 73108",2022-02-03,14.8,-2.6,81.41,23,123.1,"FTRO2,KTIK,KPWA,E7272,KOKC"
OKLAHOMA CITY,"3532 SW 2nd Street Suite A OKLAHOMA CITY,OK 73108",2022-02-04,20.8,10.5,67.29,18.8,373,"KTIK,KPWA,E7272,KOKC"
OKLAHOMA CITY,"3532 SW 2nd Street Suite A OKLAHOMA CITY,OK 73108",2022-02-05,28.7,19.9,64.78,20.9,345.5,"KTIK,AV216,KPWA,E7272,KOKC"
OKLAHOMA CITY,"3532 SW 2nd Street Suite A OKLAHOMA CITY,OK 73108",2022-02-06,35.9,28.7,64.96,17.2,337.2,"KTIK,AV216,KPWA,E7272,KOKC"
ROMULUS,"11700 Metro  Airport Center Suite 111 ROMULUS,MI 48174",2022-01-30,18.2,14.7,72.93,4.8,69,"MICMC,72537094847,F6055,72537614853,KYIP,72537354819,KDTW,0499W"
ROMULUS,"11700 Metro  Airport Center Suite 111 ROMULUS,MI 48174",2022-01-31,18.6,14.9,76.36,8.1,123.9,"MICMC,72537094847,F6055,KYIP,KDTW"
ROMULUS,"11700 Metro  Airport Center Suite 111 ROMULUS,MI 48174",2022-02-01,33.7,27.5,67.46,16.9,109.8,"72537094847,MICMC,F6055,KYIP,KDTW"
ROMULUS,"11700 Metro  Airport Center Suite 111 ROMULUS,MI 48174",2022-02-02,33.6,27.5,88.06,19.4,15.2,"MICMC,72537094847,KONZ,F6055,KYIP,KDTW"
ROMULUS,"11700 Metro  Airport Center Suite 111 ROMULUS,MI 48174",2022-02-03,20.8,7.6,77.68,20.4,23.9,"MICMC,KONZ,F6055,KYIP,KDTW"
ROMULUS,"11700 Metro  Airport Center Suite 111 ROMULUS,MI 48174",2022-02-04,15.6,5.3,69.98,11.2,54,"MICMC,KONZ,F6055,KYIP,KDTW"
ROMULUS,"11700 Metro  Airport Center Suite 111 ROMULUS,MI 48174",2022-02-05,15.1,8.3,79.18,11.3,64.1,"MICMC,KONZ,F6055,KYIP,KDTW"
ROMULUS,"11700 Metro  Airport Center Suite 111 ROMULUS,MI 48174",2022-02-06,20.4,8.4,70.38,19.1,109.9,"MICMC,KONZ,F6055,KYIP,KDTW"
WEST VALLEY CITY,"2495 So 900 West WEST VALLEY CITY,UT 84119",2022-01-30,27.8,24.5,73.87,7.5,284.3,"QHW,72572024127,A0002804116,72057299999,F6180,KSLC,UCC50"
WEST VALLEY CITY,"2495 So 900 West WEST VALLEY CITY,UT 84119",2022-01-31,31.6,25.4,66.57,20.7,277.3,"QHW,72572024127,A0002804116,72057299999,F6180,KSLC,UCC50"
WEST VALLEY CITY,"2495 So 900 West WEST VALLEY CITY,UT 84119",2022-02-01,26.3,19.4,60.66,16.1,289.4,"QHW,72572024127,A0002804116,F6180,KSLC,UCC50"
WEST VALLEY CITY,"2495 So 900 West WEST VALLEY CITY,UT 84119",2022-02-02,22.7,15.7,70.35,14.7,318.8,"QHW,KOGD,72572024127,KHIF,A0002804116,F6180,KSLC,UCC50"
WEST VALLEY CITY,"2495 So 900 West WEST VALLEY CITY,UT 84119",2022-02-03,21.3,15.9,61.72,10.2,283.3,"QHW,KOGD,KHIF,F6180,KSLC,UCC50"
WEST VALLEY CITY,"2495 So 900 West WEST VALLEY CITY,UT 84119",2022-02-04,25.1,20.4,65.61,10.3,306.2,"QHW,KOGD,KHIF,F6180,KSLC,UCC50"
WEST VALLEY CITY,"2495 So 900 West WEST VALLEY CITY,UT 84119",2022-02-05,30.2,25.8,61.38,9.1,308.3,"QHW,KOGD,KPVU,KHIF,F6180,KSLC,UCC50"
WEST VALLEY CITY,"2495 So 900 West WEST VALLEY CITY,UT 84119",2022-02-06,30.4,26.8,68.28,11,312.3,"QHW,KOGD,KPVU,KHIF,F6180,KSLC,UCC50"
NEW ROCHELLE,"607 Main Street NEW ROCHELLE,NY 10801",2022-01-30,19.2,6.2,45.23,22.7,191.4,"72503794745,E5534,0826W,F8740,KLGA,KHPN,F6107,72503014732"
NEW ROCHELLE,"607 Main Street NEW ROCHELLE,NY 10801",2022-01-31,24,17.1,47.75,8.1,153.9,"72503794745,E5534,0826W,F7223,KLGA,72503014732"
NEW ROCHELLE,"607 Main Street NEW ROCHELLE,NY 10801",2022-02-01,29.1,22.4,55.97,13.1,167.6,"72503794745,E5534,F7223,KLGA,72503014732"
NEW ROCHELLE,"607 Main Street NEW ROCHELLE,NY 10801",2022-02-02,37.3,34.6,79.32,6.9,136.2,"72503794745,E5534,0826W,F7223,KLGA,KHPN,KNYC,72503014732"
NEW ROCHELLE,"607 Main Street NEW ROCHELLE,NY 10801",2022-02-03,43.4,41.5,91.41,6.6,44.6,"E5534,F7223,KLGA,KHPN,F6107,KNYC"
NEW ROCHELLE,"607 Main Street NEW ROCHELLE,NY 10801",2022-02-04,38,31.4,85.47,15.4,27.2,"E5534,0826W,KLGA,KHPN,C2073,KNYC"
NEW ROCHELLE,"607 Main Street NEW ROCHELLE,NY 10801",2022-02-05,24,11.7,61.66,18.9,163.6,"E5534,0826W,KLGA,KHPN,F6107,KNYC"
NEW ROCHELLE,"607 Main Street NEW ROCHELLE,NY 10801",2022-02-06,22.6,15.3,56.45,11.4,172.8,"E5534,F7223,KLGA,KHPN,F6107,KNYC"
PELHAM,"224 Commerce Parkway PELHAM,AL 35124",2022-01-30,44.4,42.6,41.88,13.7,319.1,"E3156,72228013876,72050799999,72230053864,KEET"
PELHAM,"224 Commerce Parkway PELHAM,AL 35124",2022-01-31,48.7,48.7,51.26,5.1,334.4,"E3156,72050799999,72230053864,KEET"
PELHAM,"224 Commerce Parkway PELHAM,AL 35124",2022-02-01,53.1,52.5,47.85,13.9,323,"E3156,72228013876,72050799999,72230053864,KEET,KSCD"
PELHAM,"224 Commerce Parkway PELHAM,AL 35124",2022-02-02,56.3,56.3,72.98,16.8,62.3,"E3156,72228013876,72230053864,KEET,KSCD,OKMA1,KBHM"
PELHAM,"224 Commerce Parkway PELHAM,AL 35124",2022-02-03,60.5,60.2,90.31,16.8,44.7,"E3156,AU204,KEET,KSCD,F9064,TT404,KBHM"
PELHAM,"224 Commerce Parkway PELHAM,AL 35124",2022-02-04,37.7,31.2,85.92,12.9,43.4,"E3156,AU204,KEET,KSCD,OKMA1,KBHM"
PELHAM,"224 Commerce Parkway PELHAM,AL 35124",2022-02-05,35.4,30.8,57.8,9.4,376.7,"E3156,KEET,KSCD,KBHM"
PELHAM,"224 Commerce Parkway PELHAM,AL 35124",2022-02-06,40.8,39.8,57.68,5.8,375.3,"E3156,KEET,KSCD,KBHM"
SYRACUSE,"6361 Thompson Road SYRACUSE,NY 13206",2022-01-30,7.7,4,62.67,6.9,236.4,"KSYR,72519014771,72514654773,AS511,72519664775,0534W"
SYRACUSE,"6361 Thompson Road SYRACUSE,NY 13206",2022-01-31,19.1,14.5,54.25,5.8,257.1,"KSYR,72519014771,72514654773,AS511,0534W"
SYRACUSE,"6361 Thompson Road SYRACUSE,NY 13206",2022-02-01,25.4,15.9,49.92,18.3,249,"KSYR,72519014771,E5907,72514654773,0534W"
SYRACUSE,"6361 Thompson Road SYRACUSE,NY 13206",2022-02-02,38.3,32,56.5,17,211.1,"KSYR,72519014771,72514654773,KFZY,KRME,0534W"
SYRACUSE,"6361 Thompson Road SYRACUSE,NY 13206",2022-02-03,31.6,24.3,83.87,12.8,54.4,"KSYR,KFZY,KRME,0534W"
SYRACUSE,"6361 Thompson Road SYRACUSE,NY 13206",2022-02-04,17.2,6.4,76.27,12.8,89.2,"KSYR,KFZY,F3743,KRME,0534W"
SYRACUSE,"6361 Thompson Road SYRACUSE,NY 13206",2022-02-05,12.3,3.4,65.73,18.3,190.9,"KSYR,KFZY,AS511,KRME,0534W"
SYRACUSE,"6361 Thompson Road SYRACUSE,NY 13206",2022-02-06,16.6,7.2,57.34,18,232.7,"KSYR,KFZY,KRME,0534W,SBFN6"
ORLANDO,"4426 North Orange Blossom Trail ORLANDO,FL 32804",2022-01-30,46.6,44.5,34.22,12,377.8,"POPF1,72205312841,72205712854,72205012815,KORL,1342W"
ORLANDO,"4426 North Orange Blossom Trail ORLANDO,FL 32804",2022-01-31,54.1,53.9,52.98,8.8,340,"POPF1,72205312841,72205012815,KORL,1342W"
ORLANDO,"4426 North Orange Blossom Trail ORLANDO,FL 32804",2022-02-01,58.8,58.8,63.37,15.7,325,"POPF1,72205312841,72205012815,KORL,1342W"
ORLANDO,"4426 North Orange Blossom Trail ORLANDO,FL 32804",2022-02-02,65.9,66,64.43,19.3,350.6,"POPF1,72205312841,KSFB,72205012815,KORL,KMCO,1342W"
ORLANDO,"4426 North Orange Blossom Trail ORLANDO,FL 32804",2022-02-03,71.2,71.2,69.13,16.9,343.3,"POPF1,KSFB,KORL,KMCO,1342W"
ORLANDO,"4426 North Orange Blossom Trail ORLANDO,FL 32804",2022-02-04,73.9,74.2,73.18,13.9,348.3,"POPF1,KSFB,KORL,KMCO,1342W"
ORLANDO,"4426 North Orange Blossom Trail ORLANDO,FL 32804",2022-02-05,62.5,62.5,79.66,15.3,116.7,"KSFB,KORL,KMCO,1342W"
ORLANDO,"4426 North Orange Blossom Trail ORLANDO,FL 32804",2022-02-06,60,60.1,86.89,10.6,133.1,"POPF1,KSFB,KORL,KMCO,1342W"
ROCHESTER,"3450 Winton Place ROCHESTER,NY 14623",2022-01-30,9.7,-0.1,61.9,9.2,177.9,"72529014768,KGVQ,AT880,72519454778,AP064,ABMN6,KROC,GVAN6,72498894704"
ROCHESTER,"3450 Winton Place ROCHESTER,NY 14623",2022-01-31,18.3,10.2,59.7,12.7,190.5,"72529014768,KGVQ,AT880,AP064,ABMN6,KROC,GVAN6"
ROCHESTER,"3450 Winton Place ROCHESTER,NY 14623",2022-02-01,24.3,17.3,58.54,19.6,173.6,"72529014768,KGVQ,AT880,AP064,ABMN6,KROC,GVAN6"
ROCHESTER,"3450 Winton Place ROCHESTER,NY 14623",2022-02-02,38.1,30.7,58.67,24,109.4,"72529014768,KGVQ,AT880,E7794,KROC,GVAN6,KDSV"
ROCHESTER,"3450 Winton Place ROCHESTER,NY 14623",2022-02-03,27.7,17.6,91,19.1,15.3,"KGVQ,AT880,E7794,KROC,GVAN6,KDSV"
ROCHESTER,"3450 Winton Place ROCHESTER,NY 14623",2022-02-04,17.5,5.3,83.97,19.5,20.9,"KGVQ,AT880,ABMN6,KROC,GVAN6,C0736,KDSV"
ROCHESTER,"3450 Winton Place ROCHESTER,NY 14623",2022-02-05,10.1,-0.7,65.02,14.9,183.4,"KGVQ,AT880,ABMN6,KROC,F5947,KDSV"
ROCHESTER,"3450 Winton Place ROCHESTER,NY 14623",2022-02-06,18.5,10.3,58.46,20.4,209.6,"KGVQ,AT880,ABMN6,KROC,GVAN6,KDSV"
PLAINVIEW,"303 Sunnyside Boulevard PLAINVIEW,NY 11803",2022-01-30,18,7.1,47.5,17,166.3,"0514W,KFRG,72505004781,E9477,74486094789,74486454787"
PLAINVIEW,"303 Sunnyside Boulevard PLAINVIEW,NY 11803",2022-01-31,21.6,17.5,56.48,5.8,134.3,"KFRG,72505004781,F7223,E9477,74486454787,C0028"
PLAINVIEW,"303 Sunnyside Boulevard PLAINVIEW,NY 11803",2022-02-01,28.1,21.5,64.57,9.3,194.2,"0514W,KFRG,72505004781,F7223,E9477,KISP,74486454787"
PLAINVIEW,"303 Sunnyside Boulevard PLAINVIEW,NY 11803",2022-02-02,37.6,33.8,86.16,8,130,"KFRG,72505004781,F7223,KJFK,E9477,KISP,74486454787,C0028"
PLAINVIEW,"303 Sunnyside Boulevard PLAINVIEW,NY 11803",2022-02-03,42,39.5,95.83,12.9,45.8,"KFRG,F7223,KJFK,E9477,KISP"
PLAINVIEW,"303 Sunnyside Boulevard PLAINVIEW,NY 11803",2022-02-04,39.5,32.1,89.61,21.4,38,"KFRG,KJFK,E9477,KISP,C0028"
PLAINVIEW,"303 Sunnyside Boulevard PLAINVIEW,NY 11803",2022-02-05,25.3,13.8,62.64,20,123.5,"0514W,KFRG,KJFK,E9477,KISP"
PLAINVIEW,"303 Sunnyside Boulevard PLAINVIEW,NY 11803",2022-02-06,23.8,16.7,57.09,10.5,175.9,"0514W,KFRG,KJFK,E9477,KISP"
DAYTON,"2289 Arbor Boulevard DAYTON,OH 45439",2022-01-30,25.4,18,58.33,10.3,299.1,"72429093815,74570013840,KMGY,KFFO,E1198,72427653859"
DAYTON,"2289 Arbor Boulevard DAYTON,OH 45439",2022-01-31,27.4,23.8,61.7,8.7,299.1,"KMGY,KFFO,E1198,72427653859"
DAYTON,"2289 Arbor Boulevard DAYTON,OH 45439",2022-02-01,43.1,38.8,49.91,15,232.5,"KMGY,KFFO,E1198,72427653859,F7418"
DAYTON,"2289 Arbor Boulevard DAYTON,OH 45439",2022-02-02,43.3,38.6,73.25,12.9,26.5,"KDAY,KMGY,KFFO,E1198,72427653859"
DAYTON,"2289 Arbor Boulevard DAYTON,OH 45439",2022-02-03,26.7,14.4,83.19,20.8,34.2,"KDAY,KMGY,KFFO,E1198,F7418"
DAYTON,"2289 Arbor Boulevard DAYTON,OH 45439",2022-02-04,18.2,7.7,74.62,18.1,221.5,"KDAY,KMGY,KFFO,E1198"
DAYTON,"2289 Arbor Boulevard DAYTON,OH 45439",2022-02-05,16.4,8.7,70.34,9.8,327.5,"KDAY,KMGY,KFFO,E1198"
DAYTON,"2289 Arbor Boulevard DAYTON,OH 45439",2022-02-06,24.6,17.4,66.71,10,338.5,"KDAY,KMGY,KFFO,E1198"
BUFFALO,"80 Benbro Drive BUFFALO,NY 14225",2022-01-30,12.7,3.1,65.58,11.4,216.3,"71752099999,72528014733,KIAG,ABMN6,72528704724,KBUF,D2713"
BUFFALO,"80 Benbro Drive BUFFALO,NY 14225",2022-01-31,20.6,14.6,60.33,8,261.3,"72528014733,KIAG,ABMN6,KBUF,D2713"
BUFFALO,"80 Benbro Drive BUFFALO,NY 14225",2022-02-01,32.1,23.8,50.58,18.3,246.1,"72528014733,KIAG,ABMN6,KBUF,D2713"
BUFFALO,"80 Benbro Drive BUFFALO,NY 14225",2022-02-02,40.6,34.1,59.38,18.3,115.3,"72528014733,KGVQ,KIAG,F7692,KBUF,D2713"
BUFFALO,"80 Benbro Drive BUFFALO,NY 14225",2022-02-03,26.3,15.9,87.81,15,23.7,"KGVQ,KIAG,F7692,KBUF,D2713"
BUFFALO,"80 Benbro Drive BUFFALO,NY 14225",2022-02-04,18.1,7.2,80.36,15,38.5,"E6457,KGVQ,KIAG,KBUF,F7363,D2713"
BUFFALO,"80 Benbro Drive BUFFALO,NY 14225",2022-02-05,13.4,3.8,68.17,11.4,188.1,"KGVQ,KIAG,ABMN6,KBUF,F6381"
BUFFALO,"80 Benbro Drive BUFFALO,NY 14225",2022-02-06,23.9,13.3,54.73,18.4,280.3,"KGVQ,KIAG,ABMN6,KBUF,D2713"
FULLERTON,"2342 East Valencia Drive FULLERTON,CA 92831",2022-01-30,55.3,55.1,53.42,8.4,330.4,"KFUL,F0063,72297793184,KSNA,72297603166,72297023129"
FULLERTON,"2342 East Valencia Drive FULLERTON,CA 92831",2022-01-31,52.9,52.8,72.68,8.1,329.8,"AV011,KFUL,SE138,KSNA,72297603166"
FULLERTON,"2342 East Valencia Drive FULLERTON,CA 92831",2022-02-01,56,56,72.34,8.1,146.5,"AV011,KFUL,SE138,KSNA,72297603166"
FULLERTON,"2342 East Valencia Drive FULLERTON,CA 92831",2022-02-02,55.6,55.5,40.25,22.4,295.7,"AV011,KFUL,SE138,KSNA,72297603166,KLGB"
FULLERTON,"2342 East Valencia Drive FULLERTON,CA 92831",2022-02-03,54.2,54.2,37.63,8,386,"AV011,KFUL,SE138,KSNA,KLGB"
FULLERTON,"2342 East Valencia Drive FULLERTON,CA 92831",2022-02-04,58.1,58,34.47,22.4,293.3,"AV011,KFUL,SE138,KSNA,KLGB"
FULLERTON,"2342 East Valencia Drive FULLERTON,CA 92831",2022-02-05,58.9,58.9,25.83,8.4,324.5,"AV011,KFUL,SE138,KSNA,KLGB"
FULLERTON,"2342 East Valencia Drive FULLERTON,CA 92831",2022-02-06,59.8,59.6,33.63,7.4,367.6,"AV011,KFUL,SE138,KSNA,KLGB"
NORTH HOLLYWOOD,"12625 Sherman Way NORTH HOLLYWOOD,CA 91605",2022-01-30,58.1,58,28.72,12.2,333.6,"KVNY,72288593197,BVRC1,KBUR,72288623130,72288023152"
NORTH HOLLYWOOD,"12625 Sherman Way NORTH HOLLYWOOD,CA 91605",2022-01-31,54.3,54.3,48.34,5.6,194.3,"KVNY,BVRC1,KBUR,72288023152"
NORTH HOLLYWOOD,"12625 Sherman Way NORTH HOLLYWOOD,CA 91605",2022-02-01,55.5,55.5,64.57,9.8,273.3,"KVNY,BVRC1,KBUR,72288023152,SE099"
NORTH HOLLYWOOD,"12625 Sherman Way NORTH HOLLYWOOD,CA 91605",2022-02-02,56.4,56,16.92,22.4,345.1,"KVNY,BVRC1,KBUR,KSMO,72288623130,72288023152"
NORTH HOLLYWOOD,"12625 Sherman Way NORTH HOLLYWOOD,CA 91605",2022-02-03,55.3,54.3,21.79,10.5,337.3,"KVNY,BVRC1,KBUR,KSMO"
NORTH HOLLYWOOD,"12625 Sherman Way NORTH HOLLYWOOD,CA 91605",2022-02-04,57.4,56.7,21.3,22.4,305.6,"KVNY,BVRC1,KBUR,KSMO,SE099"
NORTH HOLLYWOOD,"12625 Sherman Way NORTH HOLLYWOOD,CA 91605",2022-02-05,57.5,57.5,20.74,8.5,335.4,"KVNY,BVRC1,KBUR,KSMO,SE099"
NORTH HOLLYWOOD,"12625 Sherman Way NORTH HOLLYWOOD,CA 91605",2022-02-06,64.9,64.9,16.08,12.4,328.8,"KVNY,BVRC1,KBUR,KSMO,SE099"
SHAWNEE,"7228 W Frontage Road SHAWNEE,KS 66203",2022-01-30,35.8,33.8,52.71,8.8,230.7,"72446803967,KMKC,F8808,KOJC,72447593909,72446313988"
SHAWNEE,"7228 W Frontage Road SHAWNEE,KS 66203",2022-01-31,46.2,44.1,43.19,16.7,275.1,"KMKC,F8808,KOJC,72446313988"
SHAWNEE,"7228 W Frontage Road SHAWNEE,KS 66203",2022-02-01,44.4,39.7,65.33,18.8,34.4,"D3225,KMKC,F8808,KOJC,72446313988"
SHAWNEE,"7228 W Frontage Road SHAWNEE,KS 66203",2022-02-02,18.7,3.3,62.26,23.1,212.2,"KMKC,KIXD,F8808,KOJC,72446313988"
SHAWNEE,"7228 W Frontage Road SHAWNEE,KS 66203",2022-02-03,12.8,-2,56.61,16.7,259,"KMKC,KIXD,F8808,KOJC"
SHAWNEE,"7228 W Frontage Road SHAWNEE,KS 66203",2022-02-04,20.1,12.7,50.74,14,307.5,"KMKC,KIXD,F8808,KOJC"
SHAWNEE,"7228 W Frontage Road SHAWNEE,KS 66203",2022-02-05,29.6,21,48.28,17.5,312,"KMKC,KIXD,F8808,KOJC"
SHAWNEE,"7228 W Frontage Road SHAWNEE,KS 66203",2022-02-06,35.9,30.5,59.47,14.3,301.1,"KMKC,KIXD,F8808,KOJC"
INDIANAPOLIS,"8001 Castleway Drive INDIANAPOLIS,IN 46250",2022-01-30,24.5,20.3,68.68,12.3,475.4,"0728W,KEYE,72438093819,72438453842,AU946,72057500173"
INDIANAPOLIS,"8001 Castleway Drive INDIANAPOLIS,IN 46250",2022-01-31,27.4,23.6,68.63,9.2,470.2,"0728W,KEYE,72438453842,AU946,72057500173"
INDIANAPOLIS,"8001 Castleway Drive INDIANAPOLIS,IN 46250",2022-02-01,44.6,41.3,55,16.6,396,"0728W,KEYE,72438453842,AU946,72057500173"
INDIANAPOLIS,"8001 Castleway Drive INDIANAPOLIS,IN 46250",2022-02-02,38.4,32.6,86.45,16.7,347.5,"KGEZ,0728W,KEYE,AR470,KIND,72438453842,D3869,AU946,72057500173"
INDIANAPOLIS,"8001 Castleway Drive INDIANAPOLIS,IN 46250",2022-02-03,22.7,9.3,85.07,20.5,364.7,"KGEZ,0728W,KEYE,KIND,D3869,AU946"
INDIANAPOLIS,"8001 Castleway Drive INDIANAPOLIS,IN 46250",2022-02-04,18.3,8.2,73.79,14.9,454,"KGEZ,0728W,KEYE,KIND,AU946"
INDIANAPOLIS,"8001 Castleway Drive INDIANAPOLIS,IN 46250",2022-02-05,14.2,4.2,71.42,17.5,467.5,"KGEZ,0728W,KEYE,AR470,KIND,AU946"
INDIANAPOLIS,"8001 Castleway Drive INDIANAPOLIS,IN 46250",2022-02-06,24,16.7,66.08,12.1,490.2,"KGEZ,0728W,KEYE,KIND,AU946"
TEMPE,"1719 W University Drive Suite 187 TEMPE,AZ 85281",2022-01-30,63.9,63.9,22.4,12.7,312.4,"72278903192,KSDL,72278023183,KPHX,F0970,72278303185,SRP01"
TEMPE,"1719 W University Drive Suite 187 TEMPE,AZ 85281",2022-01-31,58.7,58.2,30.32,9,285.5,"KSDL,72278023183,KPHX,F0970,SRP01"
TEMPE,"1719 W University Drive Suite 187 TEMPE,AZ 85281",2022-02-01,58.3,58.3,30.23,8.1,224.7,"KSDL,72278023183,KPHX,F0970,SRP01"
TEMPE,"1719 W University Drive Suite 187 TEMPE,AZ 85281",2022-02-02,55.2,54.9,20.44,22.4,355.8,"KSDL,72278023183,KPHX,F0970,SRP01,KFFZ"
TEMPE,"1719 W University Drive Suite 187 TEMPE,AZ 85281",2022-02-03,48.1,46.6,16.21,14.3,337.2,"KSDL,KPHX,F0970,SRP01,KFFZ"
TEMPE,"1719 W University Drive Suite 187 TEMPE,AZ 85281",2022-02-04,52.5,51.3,15.08,22.4,343.2,"KSDL,KPHX,F0970,SRP01,KFFZ"
TEMPE,"1719 W University Drive Suite 187 TEMPE,AZ 85281",2022-02-05,56,55.2,15.78,22.4,352.7,"KSDL,KPHX,F0970,SRP01,KFFZ"
TEMPE,"1719 W University Drive Suite 187 TEMPE,AZ 85281",2022-02-06,57,56.8,21.51,22.4,344.3,"KSDL,KPHX,F0970,SRP01,KFFZ"
TAMPA,"8009 Anderson Road TAMPA,FL 33634",2022-01-30,46.2,44.1,35.98,9.1,249.8,"0371W,KMCF,D8345,KTPA,72211012842,72202192816,1037W,KVDF"
TAMPA,"8009 Anderson Road TAMPA,FL 33634",2022-01-31,54.7,54.4,62.63,8.9,286.1,"0371W,KMCF,D8345,KTPA,72211012842,1037W,KVDF"
TAMPA,"8009 Anderson Road TAMPA,FL 33634",2022-02-01,62.1,62.1,53.63,11.2,191.6,"0371W,D8345,KTPA,72211012842,1037W,KVDF"
TAMPA,"8009 Anderson Road TAMPA,FL 33634",2022-02-02,69,68.9,57.65,13.8,179.5,"KPIE,KMCF,0371W,D8345,KTPA,72211012842,1037W,KVDF"
TAMPA,"8009 Anderson Road TAMPA,FL 33634",2022-02-03,72.4,72.4,66.03,14.1,227.9,"KMCF,0371W,D8345,KTPA,1037W,KVDF"
TAMPA,"8009 Anderson Road TAMPA,FL 33634",2022-02-04,72.6,73,77.12,15.2,235.6,"KMCF,0371W,D8345,KTPA,1037W,KVDF"
TAMPA,"8009 Anderson Road TAMPA,FL 33634",2022-02-05,62.8,62.8,75.85,13.5,65.7,"KPIE,KMCF,0371W,D8345,KTPA,1037W,KVDF"
TAMPA,"8009 Anderson Road TAMPA,FL 33634",2022-02-06,58,58,87.94,8.6,75.4,"KPIE,KMCF,0371W,D8345,KTPA,1037W,KVDF"
CANTON,"956 Turnpike Street CANTON,MA 2021",2022-01-30,14,2.9,42.59,17.2,36.7,"F6146,C2236,72506854777,KOWD,72509854704,BLUM3,72509014739"
CANTON,"956 Turnpike Street CANTON,MA 2021",2022-01-31,9.4,8.5,62.8,7.9,42.8,"F6146,C2236,KOWD,72509854704,BLUM3,72509014739"
CANTON,"956 Turnpike Street CANTON,MA 2021",2022-02-01,18.3,16.5,69.69,7.1,17.8,"F6146,C2236,KOWD,72509854704,BLUM3,72509014739"
CANTON,"956 Turnpike Street CANTON,MA 2021",2022-02-02,36.7,35.8,79.83,6.3,57.5,"F6146,C2236,KOWD,72509854704,BLUM3,KTAN,KBOS,72509014739"
CANTON,"956 Turnpike Street CANTON,MA 2021",2022-02-03,43.1,41.2,90.93,8,40.9,"F6146,KOWD,BLUM3,KTAN,KBOS,F6999"
CANTON,"956 Turnpike Street CANTON,MA 2021",2022-02-04,34.7,28.4,87.19,11.3,18.7,"F6146,KOWD,KTAN,KBOS"
CANTON,"956 Turnpike Street CANTON,MA 2021",2022-02-05,22.7,13,64.4,18.2,168.3,"F6146,C2236,KOWD,BLUM3,KTAN,KBOS,KGHG,F6999"
CANTON,"956 Turnpike Street CANTON,MA 2021",2022-02-06,19.6,14.3,57.01,10,55.5,"F6146,KOWD,BLUM3,KTAN,KBOS"
WICHITA,"535 South Emerson WICHITA,KS 67209",2022-01-30,39.1,35.1,48.79,8.1,175,"72450503923,72450403974,F7264,KICT,72450003928"
WICHITA,"535 South Emerson WICHITA,KS 67209",2022-01-31,45.5,43.2,44.5,18.3,199.5,"72450503923,F7264,KICT,KIAB,72450003928"
WICHITA,"535 South Emerson WICHITA,KS 67209",2022-02-01,42.9,35.5,67.48,26.3,46.6,"72450503923,72450403974,F7264,KICT,KIAB,72450003928"
WICHITA,"535 South Emerson WICHITA,KS 67209",2022-02-02,19.4,2.9,75.82,27.8,148.8,"72450503923,KAAO,F7264,KICT,KIAB,72450003928"
WICHITA,"535 South Emerson WICHITA,KS 67209",2022-02-03,13.5,-3.1,57.47,25.2,197.7,"KAAO,F7264,KICT,KIAB"
WICHITA,"535 South Emerson WICHITA,KS 67209",2022-02-04,17.8,9.1,67.83,11.4,204.3,"KAAO,F7264,KICT,KIAB"
WICHITA,"535 South Emerson WICHITA,KS 67209",2022-02-05,26.2,17.1,70.78,21.9,216.4,"KAAO,F7264,KICT,KIAB"
WICHITA,"535 South Emerson WICHITA,KS 67209",2022-02-06,35.3,29.3,63.4,18.3,213.5,"KAAO,F7264,KICT,KIAB"
SAN ANTONIO,"12919 Flagship Drive SAN ANTONIO,TX 78247",2022-01-30,53,52,53.33,12.7,189.3,"EA015,72253612911,F8761,KSAT,72253012921,KRND,72253512909"
SAN ANTONIO,"12919 Flagship Drive SAN ANTONIO,TX 78247",2022-01-31,57.3,57.3,91.82,10.2,31.7,"EA015,F8761,KSAT,72253012921,E6170,KRND"
SAN ANTONIO,"12919 Flagship Drive SAN ANTONIO,TX 78247",2022-02-01,60.5,60.5,79.1,7.9,288.8,"F8761,KSAT,72253012921,KRND"
SAN ANTONIO,"12919 Flagship Drive SAN ANTONIO,TX 78247",2022-02-02,53.8,52.1,90.07,20.3,41.5,"KSKF,EA015,F8761,KSAT,72253012921,KRND"
SAN ANTONIO,"12919 Flagship Drive SAN ANTONIO,TX 78247",2022-02-03,30.9,20.2,83.16,24.5,38,"KSKF,EA015,F8761,KSAT,KRND"
SAN ANTONIO,"12919 Flagship Drive SAN ANTONIO,TX 78247",2022-02-04,30.5,20.9,65.93,21.6,168,"KSKF,EA015,F8761,KSAT,E6170,KRND"
SAN ANTONIO,"12919 Flagship Drive SAN ANTONIO,TX 78247",2022-02-05,36.7,33.1,52.49,11.4,132.6,"KSKF,EA015,F8761,KSAT,E6170,KRND"
SAN ANTONIO,"12919 Flagship Drive SAN ANTONIO,TX 78247",2022-02-06,43.1,41.1,57.53,7.8,136.1,"KSKF,EA015,F8761,KSAT,E6170,KRND"
ALEXANDRIA,"5701 General Washington Drive Suite D and E ALEXANDRIA,VA 22312",2022-01-30,23.8,20,46.72,16.5,227,"C6294,72405013743,72403793728,KDAA,AS365,74594013705"
ALEXANDRIA,"5701 General Washington Drive Suite D and E ALEXANDRIA,VA 22312",2022-01-31,29.5,28.6,58.09,5.3,306.6,"C6294,72405013743,72403793728,KDAA"
ALEXANDRIA,"5701 General Washington Drive Suite D and E ALEXANDRIA,VA 22312",2022-02-01,31.1,30.5,64.84,6.3,325,"C6294,72405013743,F7298,KDCA,72403793728,KDAA"
ALEXANDRIA,"5701 General Washington Drive Suite D and E ALEXANDRIA,VA 22312",2022-02-02,35.2,34.3,79.49,6.2,287.5,"C6294,72405013743,KDCA,72403793728,F7112,KDAA,KADW"
ALEXANDRIA,"5701 General Washington Drive Suite D and E ALEXANDRIA,VA 22312",2022-02-03,45.9,45.5,93.3,11.2,67.1,"0406W,C6294,KDCA,KDAA,KADW,F7022"
ALEXANDRIA,"5701 General Washington Drive Suite D and E ALEXANDRIA,VA 22312",2022-02-04,47.4,43.5,84.59,16.7,190.5,"0406W,C6294,KDCA,KDAA,KADW,F7022"
ALEXANDRIA,"5701 General Washington Drive Suite D and E ALEXANDRIA,VA 22312",2022-02-05,31.1,21.7,47.98,23,363.5,"C6294,KDCA,F7112,KDAA,KADW"
ALEXANDRIA,"5701 General Washington Drive Suite D and E ALEXANDRIA,VA 22312",2022-02-06,29.4,26.4,47.94,8.1,361.2,"C6294,KDCA,F7112,KDAA,KADW"
TULSA,"9811 East 59th Street TULSA,OK 74146",2022-01-30,41,40.9,50.63,6,304.2,"72356453908,E2961,KRVS,PWKO2,72356013968,72056100467"
TULSA,"9811 East 59th Street TULSA,OK 74146",2022-01-31,49.1,49,55.79,16.5,298.2,"72356453908,E2961,KRVS,PWKO2,72356013968"
TULSA,"9811 East 59th Street TULSA,OK 74146",2022-02-01,55.8,55,78.11,13.2,25.7,"72356453908,KTUL,E2961,KRVS,PWKO2,72356013968"
TULSA,"9811 East 59th Street TULSA,OK 74146",2022-02-02,27.6,15.7,85.18,20.2,16.3,"72356453908,KTUL,E2961,KGCM,KRVS,PWKO2,AV503,72356013968"
TULSA,"9811 East 59th Street TULSA,OK 74146",2022-02-03,18,3.5,74.89,19.8,44.3,"KTUL,E2961,KGCM,KRVS,PWKO2,C4535"
TULSA,"9811 East 59th Street TULSA,OK 74146",2022-02-04,22.9,16.4,60.34,12.5,325.8,"KTUL,E2961,KGCM,KRVS,PWKO2"
TULSA,"9811 East 59th Street TULSA,OK 74146",2022-02-05,30.2,26.1,60.39,17.8,324.3,"KTUL,E2961,KGCM,KRVS,PWKO2"
TULSA,"9811 East 59th Street TULSA,OK 74146",2022-02-06,36.4,33.3,60.96,7.9,306.8,"KTUL,E2961,KGCM,KRVS,PWKO2"
BRIDGEVILLE,"101 Southpointe Drive BRIDGEVILLE,PA 15017",2022-01-30,15,8.2,65.99,8.4,158.6,"KAGC,AR040,72520514762,72520094823,72511704827"
BRIDGEVILLE,"101 Southpointe Drive BRIDGEVILLE,PA 15017",2022-01-31,21.8,18.9,65.72,7.3,219,"KAGC,AR040,72520514762,F1970,72520094823"
BRIDGEVILLE,"101 Southpointe Drive BRIDGEVILLE,PA 15017",2022-02-01,32.2,25.6,53.61,11.9,307.4,"KAGC,AR040,72520514762,72520094823"
BRIDGEVILLE,"101 Southpointe Drive BRIDGEVILLE,PA 15017",2022-02-02,38.9,34.6,59.21,9.5,148.9,"KAGC,AR040,KPIT,72520514762,72520094823,KAFJ"
BRIDGEVILLE,"101 Southpointe Drive BRIDGEVILLE,PA 15017",2022-02-03,34.7,27.8,94.88,13.2,31.4,"KAGC,AR040,E7897,KPIT,KAFJ"
BRIDGEVILLE,"101 Southpointe Drive BRIDGEVILLE,PA 15017",2022-02-04,23.8,14.3,88.03,13.8,66.3,"KAGC,AR040,E7897,KPIT,KAFJ"
BRIDGEVILLE,"101 Southpointe Drive BRIDGEVILLE,PA 15017",2022-02-05,16,8.4,80.99,12.1,75.4,"KAGC,AR040,KPIT,F1970,KAFJ"
BRIDGEVILLE,"101 Southpointe Drive BRIDGEVILLE,PA 15017",2022-02-06,20.6,16.9,77.87,9,200.6,"KAGC,AR040,KPIT,F1970,KAFJ"
SAN LUIS OBISPO,"3510 South Broad Street SAN LUIS OBISPO,CA 93401",2022-01-30,51.1,50.1,59.32,21.9,226.3,"KSMX,E8841,72394023273,KSBP,CI052,F6490,72289793206,72396593209"
SAN LUIS OBISPO,"3510 South Broad Street SAN LUIS OBISPO,CA 93401",2022-01-31,54.1,53.2,56.2,12.7,167.7,"KSMX,E8841,KSBP,CI052,F6490,72289793206"
SAN LUIS OBISPO,"3510 South Broad Street SAN LUIS OBISPO,CA 93401",2022-02-01,56.9,56.9,40.47,16.1,242.2,"KSMX,E8841,72394023273,KSBP,CI052,72289793206"
SAN LUIS OBISPO,"3510 South Broad Street SAN LUIS OBISPO,CA 93401",2022-02-02,52.4,51.4,34.98,15,254.2,"KSMX,72394023273,E8841,KSBP,CI052,KPRB,72289793206"
SAN LUIS OBISPO,"3510 South Broad Street SAN LUIS OBISPO,CA 93401",2022-02-03,50.6,49.8,57.48,14.8,255.2,"KSMX,E8841,KSBP,KPRB"
SAN LUIS OBISPO,"3510 South Broad Street SAN LUIS OBISPO,CA 93401",2022-02-04,50.3,50,63.11,21.7,299.8,"KSMX,E8841,KSBP,KPRB"
SAN LUIS OBISPO,"3510 South Broad Street SAN LUIS OBISPO,CA 93401",2022-02-05,57.1,56.9,38.25,10.3,259.2,"KSMX,E8841,KSBP,CI052,KPRB"
SAN LUIS OBISPO,"3510 South Broad Street SAN LUIS OBISPO,CA 93401",2022-02-06,52.4,52,53.19,18.2,296.4,"KSMX,E8841,KSBP,CI052,KPRB"
HARRISBURG,"7985 Grayson Road HARRISBURG,PA 17111",2022-01-30,20.6,13.4,47.32,11.9,63.8,"72514454723,KMDT,AR934,MNGP1,72511814751,72399014711,KCXY,F6701"
HARRISBURG,"7985 Grayson Road HARRISBURG,PA 17111",2022-01-31,25.6,24.6,55.3,6.1,84,"KMDT,MNGP1,72399014711,KCXY,F6701,E7690"
HARRISBURG,"7985 Grayson Road HARRISBURG,PA 17111",2022-02-01,26.8,24.1,64.45,9.2,102.3,"KMDT,KMUI,AV047,MNGP1,72399014711,KCXY,F6701"
HARRISBURG,"7985 Grayson Road HARRISBURG,PA 17111",2022-02-02,35.3,33.5,72.82,8.4,102.3,"KMDT,KMUI,MNGP1,72399014711,KCXY,F6701"
HARRISBURG,"7985 Grayson Road HARRISBURG,PA 17111",2022-02-03,40.1,39.8,88.91,5.9,29.5,"KMDT,KMUI,MNGP1,0530W,KCXY,F6701"
HARRISBURG,"7985 Grayson Road HARRISBURG,PA 17111",2022-02-04,34.3,27,81.2,14,28.8,"KMDT,KMUI,MNGP1,0530W,KCXY,F6701"
HARRISBURG,"7985 Grayson Road HARRISBURG,PA 17111",2022-02-05,26,16.1,53.9,21.7,58.9,"KMDT,KMUI,MNGP1,KCXY,F6701,E7690"
HARRISBURG,"7985 Grayson Road HARRISBURG,PA 17111",2022-02-06,24.9,20,56.34,9,94,"KMDT,KMUI,MNGP1,KCXY,F6701,E7690"
NORCROSS,"3000 Miller Court West NORCROSS,GA 30071",2022-01-30,38.6,36,43.1,14.9,329.5,"74780863803,72227013864,72219653863,1004W,KPDK"
NORCROSS,"3000 Miller Court West NORCROSS,GA 30071",2022-01-31,40.8,40.5,55.96,12.4,207.6,"74780863803,72219653863,1004W,KPDK"
NORCROSS,"3000 Miller Court West NORCROSS,GA 30071",2022-02-01,44.7,43.4,52.55,11.4,327.5,"74780863803,72219653863,1004W,KPDK"
NORCROSS,"3000 Miller Court West NORCROSS,GA 30071",2022-02-02,47.6,45.1,62.32,10.3,155.5,"KMGE,74780863803,72219653863,1004W,KPDK,KLZU"
NORCROSS,"3000 Miller Court West NORCROSS,GA 30071",2022-02-03,54.7,53.9,93.13,12.4,31.7,"0536W,KMGE,1004W,KPDK,KLZU"
NORCROSS,"3000 Miller Court West NORCROSS,GA 30071",2022-02-04,48.7,44.6,90.8,16.2,77,"0536W,KMGE,1004W,KPDK,KLZU"
NORCROSS,"3000 Miller Court West NORCROSS,GA 30071",2022-02-05,35.3,29,56.78,19.1,360.9,"KMGE,1004W,KPDK,KLZU"
NORCROSS,"3000 Miller Court West NORCROSS,GA 30071",2022-02-06,39.3,35.2,48.7,11.3,341.9,"KMGE,1004W,KPDK,KLZU"
MONTGOMERY,"70 Ashburton Drive MONTGOMERY,AL 36117",2022-01-30,43.7,43.6,54.51,15,71.5,"KMXF,D3397,72226513821,KMGM,72226013895,TKSA1"
MONTGOMERY,"70 Ashburton Drive MONTGOMERY,AL 36117",2022-01-31,48,48,67.58,3.4,73.4,"KMXF,D3397,72226513821,KMGM,TKSA1"
MONTGOMERY,"70 Ashburton Drive MONTGOMERY,AL 36117",2022-02-01,51.7,51.3,59.66,19.9,65.8,"KMXF,D3397,72226513821,KMGM,72226013895,TKSA1"
MONTGOMERY,"70 Ashburton Drive MONTGOMERY,AL 36117",2022-02-02,58.1,58.1,70.9,16.8,53.4,"KMXF,D3397,72226513821,KMGM,K1A9,TKSA1"
MONTGOMERY,"70 Ashburton Drive MONTGOMERY,AL 36117",2022-02-03,62.7,62.7,93.74,16.2,23.8,"KTOI,KMXF,D3397,KMGM,K1A9,TKSA1"
MONTGOMERY,"70 Ashburton Drive MONTGOMERY,AL 36117",2022-02-04,41.5,36.2,90.38,14.8,16.4,"KTOI,KMXF,D3397,KMGM,K1A9,TKSA1"
MONTGOMERY,"70 Ashburton Drive MONTGOMERY,AL 36117",2022-02-05,37.9,32.2,58.68,13.1,64.3,"KTOI,KMXF,D3397,KMGM,K1A9,TKSA1"
MONTGOMERY,"70 Ashburton Drive MONTGOMERY,AL 36117",2022-02-06,41.9,40.6,64.65,7.8,93.9,"KTOI,KMXF,D3397,KMGM,K1A9,TKSA1"
LANHAM,"4451 H Parliament Place LANHAM,MD 20706",2022-01-30,23.2,16.2,47.98,16.6,216.6,"KDCA,72405013743,PREM2,72406093721,KADW,PWDM2,74594013705"
LANHAM,"4451 H Parliament Place LANHAM,MD 20706",2022-01-31,27.3,20.7,63.69,10.9,203.8,"KDCA,PREM2,KADW,PWDM2,74594013705"
LANHAM,"4451 H Parliament Place LANHAM,MD 20706",2022-02-01,29.7,24.5,68.16,9.2,277.9,"KDCA,72405013743,PREM2,KADW,PWDM2,74594013705"
LANHAM,"4451 H Parliament Place LANHAM,MD 20706",2022-02-02,35.6,33.1,80.79,7.3,229.6,"KDCA,PREM2,KADW,KBWI,PWDM2,74594013705"
LANHAM,"4451 H Parliament Place LANHAM,MD 20706",2022-02-03,47.4,46.1,94.21,18.2,51,"KDCA,PREM2,KADW,KBWI,PWDM2"
LANHAM,"4451 H Parliament Place LANHAM,MD 20706",2022-02-04,47.2,42.9,86.9,18.1,34.8,"KDCA,PREM2,KADW,KBWI,PWDM2"
LANHAM,"4451 H Parliament Place LANHAM,MD 20706",2022-02-05,30,20,52.86,20.6,356,"KDCA,PREM2,KADW,KBWI,PWDM2"
LANHAM,"4451 H Parliament Place LANHAM,MD 20706",2022-02-06,28.3,24.1,48.39,7.7,311.1,"KDCA,PREM2,KADW,KBWI,PWDM2"
SPOKANE,"3820 East Main SPOKANE,WA 99202",2022-01-30,31.2,29.3,80.45,14.3,45.5,"F4353,TWRW1,72785524114,72785694176,72785024157,KSFF,KGEG"
SPOKANE,"3820 East Main SPOKANE,WA 99202",2022-01-31,32.7,26.6,73.27,17.5,68.7,"F4353,72785694176,KSFF,TT604,KGEG"
SPOKANE,"3820 East Main SPOKANE,WA 99202",2022-02-01,28.7,25,71.83,9.2,63.8,"F4353,72785694176,CHAW,KSFF,TT604,KGEG"
SPOKANE,"3820 East Main SPOKANE,WA 99202",2022-02-02,21.9,17.4,63.84,9.4,61,"F4353,TWRW1,72785694176,F4008,KSFF,KGEG,KSKA"
SPOKANE,"3820 East Main SPOKANE,WA 99202",2022-02-03,26.2,24.6,83.22,4.8,42.5,"F4353,TWRW1,KSFF,KGEG,KSKA"
SPOKANE,"3820 East Main SPOKANE,WA 99202",2022-02-04,32.8,30.5,84.72,22.4,44.4,"F4353,CHAW,KSFF,KGEG,KSKA"
SPOKANE,"3820 East Main SPOKANE,WA 99202",2022-02-05,35.3,33.6,83.17,8.3,87,"F4353,F6169,KSFF,TT604,KGEG,KSKA"
SPOKANE,"3820 East Main SPOKANE,WA 99202",2022-02-06,32.3,31.4,90.93,6.4,60.4,"F4353,CHAW,KSFF,TT604,KGEG,KSKA"
DALLAS,"1500G Dragon Street DALLAS,TX 75207",2022-01-30,55.7,54.9,30.21,9.2,497.2,"F8578,KDAL,72259903971,72259003927,72258013960"
DALLAS,"1500G Dragon Street DALLAS,TX 75207",2022-01-31,57.2,56.7,63.22,17.6,341.2,"F8578,KDAL,72259903971,KRBD,72258013960"
DALLAS,"1500G Dragon Street DALLAS,TX 75207",2022-02-01,60.9,60.9,74.09,14,373,"F8578,CDHT2,KDAL,72259903971,72258013960"
DALLAS,"1500G Dragon Street DALLAS,TX 75207",2022-02-02,44.4,38.9,83.91,19.1,62,"F8578,KDAL,72259903971,D5264,KDFW,KRBD,72258013960"
DALLAS,"1500G Dragon Street DALLAS,TX 75207",2022-02-03,23.6,10.6,83.84,18.7,86.2,"F8578,KDAL,KDFW,KRBD"
DALLAS,"1500G Dragon Street DALLAS,TX 75207",2022-02-04,26.4,16.2,70.44,15.1,359.4,"F8578,KDAL,KDFW,KRBD"
DALLAS,"1500G Dragon Street DALLAS,TX 75207",2022-02-05,34.4,31.3,58.13,9.8,509.1,"F8578,CDHT2,KDAL,KDFW,KRBD"
DALLAS,"1500G Dragon Street DALLAS,TX 75207",2022-02-06,41.9,39.1,50.25,10.3,500.9,"F8578,CDHT2,KDAL,KDFW,KRBD"
FLINT,"6165 Taylor Road FLINT,MI 48507",2022-01-30,16.6,10.8,73.69,9.2,111.8,"72090200298,MICMC,KFNT,HRAM4,72637594817,72637014826,MIFLT"
FLINT,"6165 Taylor Road FLINT,MI 48507",2022-01-31,18.4,14.1,73.75,11.4,221.2,"72090200298,MICMC,KFNT,HRAM4,72637014826,MIFLT"
FLINT,"6165 Taylor Road FLINT,MI 48507",2022-02-01,35.4,27.2,66.03,18.3,182.4,"72090200298,KFNT,MICMC,HRAM4,72637014826,MIFLT"
FLINT,"6165 Taylor Road FLINT,MI 48507",2022-02-02,29.9,21.7,91.84,13.8,11.3,"72090200298,MICMC,KFNT,HRAM4,KD95,72637014826,D0433,MIFLT,KPTK"
FLINT,"6165 Taylor Road FLINT,MI 48507",2022-02-03,16.9,3,72.48,19.6,33.5,"KFNT,HRAM4,MICMC,KD95,MIFLT,KPTK"
FLINT,"6165 Taylor Road FLINT,MI 48507",2022-02-04,10.1,0.6,74.15,11.3,75.4,"MICMC,KFNT,HRAM4,KD95,MIFLT,KPTK"
FLINT,"6165 Taylor Road FLINT,MI 48507",2022-02-05,11.3,5.7,78.36,13.8,94,"MICMC,KFNT,HRAM4,KD95,D0433,MIFLT,KPTK"
FLINT,"6165 Taylor Road FLINT,MI 48507",2022-02-06,23.6,12.4,63.76,17.1,149.8,"MICMC,KFNT,HRAM4,KD95,MIFLT,KPTK"
OAK FOREST,"16405 Frontage Road OAK FOREST,IL 60452",2022-01-30,21.9,17.7,71.74,7.7,192.2,"0735W,72534014819,72212604879,KMDW,KIGQ,72534514834"
OAK FOREST,"16405 Frontage Road OAK FOREST,IL 60452",2022-01-31,29.5,23.6,65.47,13.6,230.1,"0735W,72212604879,KMDW,C7762,KIGQ"
OAK FOREST,"16405 Frontage Road OAK FOREST,IL 60452",2022-02-01,37.6,30.8,76,18.1,114.9,"0735W,72212604879,C8740,KMDW,KIGQ"
OAK FOREST,"16405 Frontage Road OAK FOREST,IL 60452",2022-02-02,25.2,14.1,87.39,17.1,50.4,"0735W,72212604879,C8740,KMDW,KJOT,KIGQ"
OAK FOREST,"16405 Frontage Road OAK FOREST,IL 60452",2022-02-03,23.8,10.8,68.32,19.4,98.1,"0735W,C8740,KORD,KMDW,KJOT,KIGQ"
OAK FOREST,"16405 Frontage Road OAK FOREST,IL 60452",2022-02-04,19.5,10,70.27,15.5,231.8,"0735W,C8740,KMDW,C7762,KJOT,KIGQ"
OAK FOREST,"16405 Frontage Road OAK FOREST,IL 60452",2022-02-05,11.7,0.3,67.08,17.5,264,"0735W,C8740,KMDW,KJOT,KIGQ"
OAK FOREST,"16405 Frontage Road OAK FOREST,IL 60452",2022-02-06,24.3,13,69.21,15.9,295.7,"0735W,C8740,KMDW,KJOT,KIGQ"
GREENVILLE,"640 Congaree Road GREENVILLE,SC 29607",2022-01-30,37.5,34.2,36.73,16.1,53.7,"72311913886,72312003870,DRBS1,KGMU,KGSP,E5404,72312699999"
GREENVILLE,"640 Congaree Road GREENVILLE,SC 29607",2022-01-31,45.2,43.9,43.9,8,49.6,"72311913886,DRBS1,KGMU,KGSP,E5404"
GREENVILLE,"640 Congaree Road GREENVILLE,SC 29607",2022-02-01,44.2,39.3,47.62,16,42.8,"72311913886,DRBS1,KGMU,KGSP,E5404"
GREENVILLE,"640 Congaree Road GREENVILLE,SC 29607",2022-02-02,43.3,38.3,57.57,11.3,54.2,"72311913886,DRBS1,KGMU,KLQK,KGSP,E5404"
GREENVILLE,"640 Congaree Road GREENVILLE,SC 29607",2022-02-03,47.9,44.8,88.16,13.7,16.5,"C9121,1184W,DRBS1,KGMU,KLQK,KGSP,E5404"
GREENVILLE,"640 Congaree Road GREENVILLE,SC 29607",2022-02-04,58.2,57.9,83.68,17.2,41.6,"DRBS1,KGMU,KLQK,KGSP,0441W,KSPA,E5404"
GREENVILLE,"640 Congaree Road GREENVILLE,SC 29607",2022-02-05,39.8,33.9,46.05,17.8,64.8,"DRBS1,KGMU,KLQK,KGSP,E5404"
GREENVILLE,"640 Congaree Road GREENVILLE,SC 29607",2022-02-06,37,30.6,45.23,12.7,70.7,"DRBS1,KGMU,KLQK,KGSP,KSPA,E5404"
NORTH CHARLESTON,"7318 Pepperdam Avenue NORTH CHARLESTON,SC 29418",2022-01-30,37,33.4,49.27,18.3,270.8,"KCHS,72063200218,72060600198,WMBS1,72208013880,F7170"
NORTH CHARLESTON,"7318 Pepperdam Avenue NORTH CHARLESTON,SC 29418",2022-01-31,48.5,46.5,66.03,13.8,265.4,"KCHS,72060600198,WMBS1,72208013880,F7170"
NORTH CHARLESTON,"7318 Pepperdam Avenue NORTH CHARLESTON,SC 29418",2022-02-01,47.5,45.3,67.29,15,231.6,"KCHS,KDYB,72060600198,WMBS1,72208013880,F7170"
NORTH CHARLESTON,"7318 Pepperdam Avenue NORTH CHARLESTON,SC 29418",2022-02-02,53.4,51.5,77.08,13.7,254.4,"KCHS,KDYB,72060600198,SPLS1,72208013880,KJZI,F7170"
NORTH CHARLESTON,"7318 Pepperdam Avenue NORTH CHARLESTON,SC 29418",2022-02-03,64.8,64.8,77.03,20.4,258.8,"KCHS,KDYB,WMBS1,KJZI,F7170"
NORTH CHARLESTON,"7318 Pepperdam Avenue NORTH CHARLESTON,SC 29418",2022-02-04,67.5,67.5,84.13,21.4,203.1,"KCHS,KDYB,KJZI,F7170"
NORTH CHARLESTON,"7318 Pepperdam Avenue NORTH CHARLESTON,SC 29418",2022-02-05,49.1,46,61.48,16.9,264.2,"KCHS,KDYB,WMBS1,KJZI,F7170"
NORTH CHARLESTON,"7318 Pepperdam Avenue NORTH CHARLESTON,SC 29418",2022-02-06,42.1,35.6,60.58,14.8,71.2,"KCHS,KDYB,WMBS1,KJZI,F7170"
NEW ORLEANS,"1525 Edwards Avenue NEW ORLEANS,LA 70123",2022-01-30,51.3,49.7,57.66,17.2,254.4,"KNEW,72231012916,KMSY,KNBG,E6362,TS947,72231612958"
NEW ORLEANS,"1525 Edwards Avenue NEW ORLEANS,LA 70123",2022-01-31,55.6,55.2,70.31,13.6,280.4,"KNEW,72231012916,KMSY,KNBG,E6362,TS947"
NEW ORLEANS,"1525 Edwards Avenue NEW ORLEANS,LA 70123",2022-02-01,63,63,79.1,25,85.5,"KNEW,72231012916,KMSY,KNBG,E6362,TS947"
NEW ORLEANS,"1525 Edwards Avenue NEW ORLEANS,LA 70123",2022-02-02,65.1,65,93.99,12.7,75.3,"KNEW,72231012916,KMSY,KNBG,E6362,TS947"
NEW ORLEANS,"1525 Edwards Avenue NEW ORLEANS,LA 70123",2022-02-03,61.6,60.4,94.78,20.5,41.8,"KNEW,F1622,KMSY,KNBG,E6362,TS947"
NEW ORLEANS,"1525 Edwards Avenue NEW ORLEANS,LA 70123",2022-02-04,39.4,31.1,89.38,19.6,41.2,"KNEW,KMSY,KNBG,E6362,TS947"
NEW ORLEANS,"1525 Edwards Avenue NEW ORLEANS,LA 70123",2022-02-05,40.4,34.5,62.41,17.4,275.6,"KNEW,KMSY,KNBG,E6362,TS947"
NEW ORLEANS,"1525 Edwards Avenue NEW ORLEANS,LA 70123",2022-02-06,44.1,43.5,62.54,8.7,278.4,"KNEW,KMSY,KNBG,E6362,TS947"
WOBURN,"20 Commerce Way WOBURN,MA 1801",2022-01-30,14.4,1.4,40.07,20,67.2,"KBED,F5443,KBOS,72509014739,E9991,72505914702,1299W,72508854733"
WOBURN,"20 Commerce Way WOBURN,MA 1801",2022-01-31,13.8,12.6,58.54,7.2,66,"KBED,F5443,KBOS,72505914702,AP564"
WOBURN,"20 Commerce Way WOBURN,MA 1801",2022-02-01,20.1,17.6,74.64,8.6,37.1,"KBED,F5443,KBOS,E9991,72505914702"
WOBURN,"20 Commerce Way WOBURN,MA 1801",2022-02-02,34.8,33.5,86.56,6.2,46,"KBED,F5443,KBOS,KBVY,72505914702,AP564"
WOBURN,"20 Commerce Way WOBURN,MA 1801",2022-02-03,40.7,37.4,96.69,9.3,24,"KBED,F5443,KBOS,KBVY,E9991"
WOBURN,"20 Commerce Way WOBURN,MA 1801",2022-02-04,30.5,21.7,91.78,17.2,12,"KBED,F5443,KBOS,KBVY,E9991"
WOBURN,"20 Commerce Way WOBURN,MA 1801",2022-02-05,20.5,8.7,63.8,20.5,49.5,"KBED,0518W,F5443,KBOS,KBVY"
WOBURN,"20 Commerce Way WOBURN,MA 1801",2022-02-06,18.1,10.9,59.08,11,71.2,"KBED,F5443,KBOS,KBVY,E9991"
HALTOM CITY,"5350 Airport Freeway HALTOM CITY,TX 76117",2022-01-30,55,53.7,28.43,12.6,264.6,"72247953907,74739013961,KAFW,KNFW,72259513911,KFTW,F0567"
HALTOM CITY,"5350 Airport Freeway HALTOM CITY,TX 76117",2022-01-31,56.2,55.7,64.23,17.1,214.9,"72247953907,74739013961,KAFW,KNFW,72259513911,KFTW,F0567"
HALTOM CITY,"5350 Airport Freeway HALTOM CITY,TX 76117",2022-02-01,60.1,60.1,75.84,14.8,198,"72247953907,74739013961,KNFW,72259513911,KFTW,F0567"
HALTOM CITY,"5350 Airport Freeway HALTOM CITY,TX 76117",2022-02-02,41.6,34.7,84.77,22.2,40.8,"72247953907,74739013961,AP656,72259453909,KAFW,KNFW,KGKY,KGPM,KFTW,F0567"
HALTOM CITY,"5350 Airport Freeway HALTOM CITY,TX 76117",2022-02-03,21.5,7.6,85.04,20.6,57.1,"KAFW,KGKY,KGPM,KFTW,F0567"
HALTOM CITY,"5350 Airport Freeway HALTOM CITY,TX 76117",2022-02-04,24.7,14.3,72.69,18,229,"KAFW,KGKY,KGPM,KFTW,F0567"
HALTOM CITY,"5350 Airport Freeway HALTOM CITY,TX 76117",2022-02-05,32.8,28.3,64.18,13.3,331.8,"KAFW,KNFW,KGKY,KGPM,KFTW,F0567,F0647"
HALTOM CITY,"5350 Airport Freeway HALTOM CITY,TX 76117",2022-02-06,40.6,37.3,53.48,12.8,330.8,"KAFW,KNFW,KGKY,KGPM,KFTW,F0567,F0647"
FRANKLIN,"9620 South Franklin Drive FRANKLIN,WI 53132",2022-01-30,23.5,16.2,60.26,11.4,148.4,"72640014839,KRAC,D8657,KMKE,72642494818"
FRANKLIN,"9620 South Franklin Drive FRANKLIN,WI 53132",2022-01-31,27.2,20.8,65.73,17.4,139.8,"72640014839,D8657,KMKE,72642494818"
FRANKLIN,"9620 South Franklin Drive FRANKLIN,WI 53132",2022-02-01,38.6,31,59.23,17.8,122.3,"72640014839,D8657,KMKE,72642494818"
FRANKLIN,"9620 South Franklin Drive FRANKLIN,WI 53132",2022-02-02,20.3,7.6,51.63,15.1,61.8,"KENW,72640014839,F6268,KRAC,D8657,KMKE,72642494818"
FRANKLIN,"9620 South Franklin Drive FRANKLIN,WI 53132",2022-02-03,17,2.6,59.72,19.9,101.6,"KENW,F6268,KRAC,D8657,KMKE"
FRANKLIN,"9620 South Franklin Drive FRANKLIN,WI 53132",2022-02-04,17.2,6.7,63.5,12.5,105,"KENW,F6268,KRAC,D8657,KMKE"
FRANKLIN,"9620 South Franklin Drive FRANKLIN,WI 53132",2022-02-05,14.4,1.6,58.51,19.2,108.2,"KENW,F6268,KRAC,D8657,KMKE"
FRANKLIN,"9620 South Franklin Drive FRANKLIN,WI 53132",2022-02-06,29.6,20.1,59.18,15.7,151.2,"KENW,KRAC,EGLW3,D8657,KMKE"
NORRISTOWN,"2586 Industry Lane Suite 101 NORRISTOWN,PA 19403",2022-01-30,15.8,9,51.13,10.6,221.7,"72510954782,72030464752,72511354786,KLOM,AP069"
NORRISTOWN,"2586 Industry Lane Suite 101 NORRISTOWN,PA 19403",2022-01-31,19.6,17.1,68.66,6.1,208.9,"72510954782,72030464752,KLOM,AP069"
NORRISTOWN,"2586 Industry Lane Suite 101 NORRISTOWN,PA 19403",2022-02-01,22.8,20.7,74.6,8,186.2,"72510954782,72030464752,KLOM,AP069,DE045"
NORRISTOWN,"2586 Industry Lane Suite 101 NORRISTOWN,PA 19403",2022-02-02,30.5,29.8,91.09,5.8,169,"72510954782,72030464752,KPTW,KLOM,AP069,KDYL"
NORRISTOWN,"2586 Industry Lane Suite 101 NORRISTOWN,PA 19403",2022-02-03,41.7,41.4,98.36,6.7,44.9,"KPTW,KLOM,AP069,KDYL"
NORRISTOWN,"2586 Industry Lane Suite 101 NORRISTOWN,PA 19403",2022-02-04,40.5,36.4,93.83,11.6,34.4,"KPTW,KLOM,AP069,DE045,KDYL"
NORRISTOWN,"2586 Industry Lane Suite 101 NORRISTOWN,PA 19403",2022-02-05,23.7,15.1,61.9,16.9,196.3,"KPTW,KLOM,AP069,KDYL"
NORRISTOWN,"2586 Industry Lane Suite 101 NORRISTOWN,PA 19403",2022-02-06,22.9,20.5,65.48,8.2,226.7,"KPTW,KLOM,AP069,KDYL"
BATON ROUGE,"10414 Plaza Americana BATON ROUGE,LA 70816",2022-01-30,51.9,49.9,60.66,13.4,368.9,"72104600460,AV521,KBTR,72232013970,72096700457"
BATON ROUGE,"10414 Plaza Americana BATON ROUGE,LA 70816",2022-01-31,54.7,54.5,69.99,14.4,346.5,"72104600460,AV521,KBTR,72232013970"
BATON ROUGE,"10414 Plaza Americana BATON ROUGE,LA 70816",2022-02-01,58,58,87.63,20.4,58.5,"72104600460,AV521,KBTR,72232013970"
BATON ROUGE,"10414 Plaza Americana BATON ROUGE,LA 70816",2022-02-02,66.1,66.1,88.07,10.3,212.6,"72104600460,AV521,KBTR,KHZR,72232013970,1313W,KPTN,KHDC"
BATON ROUGE,"10414 Plaza Americana BATON ROUGE,LA 70816",2022-02-03,54,51.6,92.08,13.9,58.1,"AV521,KBTR,KHZR,KARA,KPTN,1311W,KHDC"
BATON ROUGE,"10414 Plaza Americana BATON ROUGE,LA 70816",2022-02-04,35.4,28.1,79.66,14.8,97.5,"AV521,KBTR,KHZR,KPTN,KHDC"
BATON ROUGE,"10414 Plaza Americana BATON ROUGE,LA 70816",2022-02-05,38,33.6,60.14,11.5,403.8,"AV521,KBTR,KHZR,KPTN,KHDC"
BATON ROUGE,"10414 Plaza Americana BATON ROUGE,LA 70816",2022-02-06,41.6,40.1,59.24,6.6,418.1,"AV521,KBTR,KHZR,KPTN,KHDC"
JACKSONVILLE,"5250 Sunbeam Road JACKSONVILLE,FL 32257",2022-01-30,43.2,39.8,38.91,13.9,285.8,"F6993,72206593837,C2098,KNIP,0420W,72206603853,KCRG,74782053860,MACFL"
JACKSONVILLE,"5250 Sunbeam Road JACKSONVILLE,FL 32257",2022-01-31,53.3,51.6,65.47,14.4,201.6,"F6993,72206593837,KNIP,0420W,KCRG,MACFL"
JACKSONVILLE,"5250 Sunbeam Road JACKSONVILLE,FL 32257",2022-02-01,54.6,54.5,71.74,10.5,149.8,"F6993,72206593837,KNIP,0420W,KCRG,MACFL"
JACKSONVILLE,"5250 Sunbeam Road JACKSONVILLE,FL 32257",2022-02-02,61.4,61.4,80.59,13.8,158.8,"KNRB,F6993,72206593837,C2098,KNIP,0420W,KCRG,MACFL"
JACKSONVILLE,"5250 Sunbeam Road JACKSONVILLE,FL 32257",2022-02-03,67.1,67.1,78.33,16,179,"KNRB,F6993,KNIP,0420W,KCRG,MACFL"
JACKSONVILLE,"5250 Sunbeam Road JACKSONVILLE,FL 32257",2022-02-04,70.6,70.9,80.83,19.8,141.1,"KNRB,F6993,KNIP,0420W,KCRG,MACFL"
JACKSONVILLE,"5250 Sunbeam Road JACKSONVILLE,FL 32257",2022-02-05,53.5,52.8,80.26,17.7,89.2,"KNRB,F6993,KNIP,0420W,MACFL,KCRG"
JACKSONVILLE,"5250 Sunbeam Road JACKSONVILLE,FL 32257",2022-02-06,50.1,48.2,94.26,20.3,37.1,"KNRB,F6993,KNIP,0420W,MACFL,KCRG"
LARGO,"12397 Belcher Road Suite 260 LARGO,FL 33773",2022-01-30,45.2,42.5,38.92,10.4,379.1,"KCLW,KPIE,99999992828,AV393,72210492806,72211612873,KSPG"
LARGO,"12397 Belcher Road Suite 260 LARGO,FL 33773",2022-01-31,51.7,51.2,75.13,7.7,701,"KCLW,KPIE,99999992828,AV393,72211612873,0551W,KSPG"
LARGO,"12397 Belcher Road Suite 260 LARGO,FL 33773",2022-02-01,58.9,58.6,66.57,12.8,573.8,"KPIE,99999992828,AV393,72211612873,0551W"
LARGO,"12397 Belcher Road Suite 260 LARGO,FL 33773",2022-02-02,66,66,66.28,15.4,577.2,"KCLW,KPIE,99999992828,AV393,72211612873,0551W,KSPG"
LARGO,"12397 Belcher Road Suite 260 LARGO,FL 33773",2022-02-03,69.8,69.9,72.13,14.7,780.2,"KCLW,KPIE,AV393,0551W,KSPG"
LARGO,"12397 Belcher Road Suite 260 LARGO,FL 33773",2022-02-04,71,71.2,81.41,19.9,736.2,"KCLW,KPIE,AV393,0551W,KSPG"
LARGO,"12397 Belcher Road Suite 260 LARGO,FL 33773",2022-02-05,60.3,60.3,82.88,17.1,111.7,"KCLW,KPIE,AV393,KSPG"
LARGO,"12397 Belcher Road Suite 260 LARGO,FL 33773",2022-02-06,55.8,55.8,94.26,10.8,183.2,"KCLW,KPIE,AV393,0551W,KSPG"
LAS VEGAS,"7350 Dean Martin Drive Suite 303 LAS VEGAS,NV 89139",2022-01-30,51.5,50.7,17.24,5.9,215.6,"KLAS,CMP12,D4394,72386023169,72484653123,72209653127"
LAS VEGAS,"7350 Dean Martin Drive Suite 303 LAS VEGAS,NV 89139",2022-01-31,48.3,47.4,21.88,6.9,200.8,"KLAS,CMP12,72386023169,72209653127"
LAS VEGAS,"7350 Dean Martin Drive Suite 303 LAS VEGAS,NV 89139",2022-02-01,50.7,49.1,20.82,17.2,318.7,"KLAS,KHND,CMP12,72386023169,72209653127"
LAS VEGAS,"7350 Dean Martin Drive Suite 303 LAS VEGAS,NV 89139",2022-02-02,42.8,35.3,17.84,24.4,342.8,"KLAS,KHND,CMP12,72386023169,KVGT,72209653127"
LAS VEGAS,"7350 Dean Martin Drive Suite 303 LAS VEGAS,NV 89139",2022-02-03,42.3,39.1,22.52,14.6,338.4,"KLAS,KHND,CMP12,KVGT"
LAS VEGAS,"7350 Dean Martin Drive Suite 303 LAS VEGAS,NV 89139",2022-02-04,44.6,42.6,28.16,13.3,341.3,"KLAS,KHND,CMP12,KVGT"
LAS VEGAS,"7350 Dean Martin Drive Suite 303 LAS VEGAS,NV 89139",2022-02-05,48,46.8,24.97,8,310.6,"KLAS,KHND,CMP12,KVGT"
LAS VEGAS,"7350 Dean Martin Drive Suite 303 LAS VEGAS,NV 89139",2022-02-06,53.3,52.5,20.07,22.4,334.2,"KLAS,KHND,CMP12,KVGT"
NEW CASTLE,"12 McCullough Drive Suite 1 South Gate Industrial Center NEW CASTLE,DE 19720",2022-01-30,19.5,11.2,45.58,16.1,161.5,"72418013781,72408013739,99999903761,1293W,KILG,KPHL,72040800136,DE037"
NEW CASTLE,"12 McCullough Drive Suite 1 South Gate Industrial Center NEW CASTLE,DE 19720",2022-01-31,26.8,19.6,55.29,9.1,128.9,"72418013781,99999903761,1293W,KILG,KPHL,DE037"
NEW CASTLE,"12 McCullough Drive Suite 1 South Gate Industrial Center NEW CASTLE,DE 19720",2022-02-01,29.5,23.2,63.87,11.4,167.1,"72418013781,99999903761,1293W,KILG,KPHL,DE037"
NEW CASTLE,"12 McCullough Drive Suite 1 South Gate Industrial Center NEW CASTLE,DE 19720",2022-02-02,35,31.8,84.92,10.3,95.3,"72418013781,99999903761,1293W,KILG,KPHL,KLOM,DE037,KAPG"
NEW CASTLE,"12 McCullough Drive Suite 1 South Gate Industrial Center NEW CASTLE,DE 19720",2022-02-03,41.8,39.2,94.46,11.4,29,"1293W,KILG,KPHL,DE037,KAPG"
NEW CASTLE,"12 McCullough Drive Suite 1 South Gate Industrial Center NEW CASTLE,DE 19720",2022-02-04,44.4,39.4,87.43,18.3,13.1,"1293W,KILG,KPHL,KMIV,KLOM,DE037,KAPG"
NEW CASTLE,"12 McCullough Drive Suite 1 South Gate Industrial Center NEW CASTLE,DE 19720",2022-02-05,28,17.7,56.63,20.8,156.5,"1293W,KILG,KPHL,KLOM,DE037,KAPG"
NEW CASTLE,"12 McCullough Drive Suite 1 South Gate Industrial Center NEW CASTLE,DE 19720",2022-02-06,26.8,20.6,57.22,8,174.7,"1293W,KILG,KPHL,KLOM,DE037,KAPG"
